C1,C1
C2,C2
C3,C3
C4,C4
C5,C5
C6,C6
C7,C7
C8,C8
C9,C9
C10,C10
C11,C11
C12,C12
C13,C13
C14,C14
C15,C15
C16,C16
C17,C17
C18,C18
C19,C19
C20,C20
C21,C21
C22,C22
C23,C23
C24,C24
C25,C25
C26,C26
C27,C27
C28,C28
C29,C29
C30,C30
C31,C31
C32,C32
C33,C33
C34,C34
C35,C35
C36,C36
C37,C37
C38,C38
C39,C39
C40,C40
C41,C41
C42,C42
C43,C43
C44,C44
C45,C45
C46,C46
C47,C47
C48,C48
C49,C49
C50,C50
C51,C51
C52,C52
C53,C53
C54,C54
C55,C55
C56,C56
C57,C57
C58,C58
C59,C59
C60,C60
C61,C61
C62,C62
C63,C63
C64,C64
C65,C65
C66,C66
C67,C67
C68,C68
C69,C69
C70,C70
C71,C71
C72,C72
C73,C73
C74,C74
C75,C75
C76,C76
C77,C77
C78,C78
C79,C79
C80,C80
C81,C81
C82,C82
C83,C83
C84,C84
C85,C85
C86,C86
C87,C87
C88,C88
C89,C89
C90,C90
C91,C91
C92,C92
C93,C93
C94,C94
C95,C95
C96,C96
C97,C97
C98,C98
C99,C99
C100,C100
C101,C101
C102,C102
C103,C103
C104,C104
C105,C105
C106,C106
C107,C107
C108,C108
C109,C109
C110,C110
C111,C111
C112,C112
C113,C113
C114,C114
C115,C115
C116,C116
C117,C117
C118,C118
C119,C119
C120,C120
C121,C121
C122,C122
C123,C123
C124,C124
C125,C125
C126,C126
C127,C127
C128,C128
C129,C129
C130,C130
C131,C131
C132,C132
C133,C133
C134,C134
C135,C135
C136,C136
C137,C137
C138,C138
C139,C139
C140,C140
C141,C141
C142,C142
C143,C143
C144,C144
C145,C145
C146,C146
C147,C147
C148,C148
C149,C149
C150,C150
C151,C151
C152,C152
C153,C153
C154,C154
C155,C155
C156,C156
C157,C157
C158,C158
C159,C159
C160,C160
C161,C161
C162,C162
C163,C163
C164,C164
C165,C165
C166,C166
C167,C167
C168,C168
C169,C169
C170,C170
C171,C171
C172,C172
C173,C173
C174,C174
C175,C175
C176,C176
C177,C177
C178,C178
C179,C179
C180,C180
C181,C181
C182,C182
C183,C183
C184,C184
C185,C185
C186,C186
C187,C187
C188,C188
C189,C189
C190,C190
C191,C191
C192,C192
C193,C193
C194,C194
C195,C195
C196,C196
C197,C197
C198,C198
C199,C199
C200,C200
C201,C201
C202,C202
C203,C203
C204,C204
C205,C205
C206,C206
C207,C207
C208,C208
C209,C209
C210,C210
C211,C211
C212,C212
C213,C213
C214,C214
C215,C215
C216,C216
C217,C217
C218,C218
C219,C219
C220,C220
C221,C221
C222,C222
C223,C223
C224,C224
C225,C225
C226,C226
C227,C227
C228,C228
C229,C229
C230,C230
C231,C231
C232,C232
C233,C233
C234,C234
C235,C235
C236,C236
C237,C237
C238,C238
C239,C239
C240,C240
C241,C241
C242,C242
C243,C243
C244,C244
C245,C245
C246,C246
C247,C247
C248,C248
C249,C249
C250,C250
C251,C251
C252,C252
C253,C253
C254,C254
C255,C255
C256,C256
C257,C257
C258,C258
C259,C259
C260,C260
C261,C261
C262,C262
C263,C263
C264,C264
C265,C265
C266,C266
C267,C267
C268,C268
C269,C269
C270,C270
C271,C271
C272,C272
C273,C273
C274,C274
C275,C275
C276,C276
C277,C277
C278,C278
C279,C279
C280,C280
C281,C281
C282,C282
C283,C283
C284,C284
C285,C285
C286,C286
C287,C287
C288,C288
C289,C289
C290,C290
C291,C291
C292,C292
C293,C293
C294,C294
C295,C295
C296,C296
C297,C297
C298,C298
C299,C299
C300,C300
C301,C301
C302,C302
C303,C303
C304,C304
C305,C305
C306,C306
C307,C307
C308,C308
C309,C309
C310,C310
C311,C311
C312,C312
C313,C313
C314,C314
C315,C315
C316,C316
C317,C317
C318,C318
C319,C319
C320,C320
C321,C321
C322,C322
C323,C323
C324,C324
C325,C325
C326,C326
C327,C327
C328,C328
C329,C329
C330,C330
C331,C331
C332,C332
C333,C333
C334,C334
C335,C335
C336,C336
C337,C337
C338,C338
C339,C339
C340,C340
C341,C341
C342,C342
C343,C343
C344,C344
C345,C345
C346,C346
C347,C347
C348,C348
C349,C349
C350,C350
C351,C351
C352,C352
C353,C353
C354,C354
C355,C355
C356,C356
C357,C357
C358,C358
C359,C359
C360,C360
C361,C361
C362,C362
C363,C363
C364,C364
C365,C365
C366,C366
C367,C367
C368,C368
C369,C369
C370,C370
C371,C371
C372,C372
C373,C373
C374,C374
C375,C375
C376,C376
C377,C377
C378,C378
C379,C379
C380,C380
C381,C381
C382,C382
C383,C383
C384,C384
C385,C385
C386,C386
C387,C387
C388,C388
C389,C389
C390,C390
C391,C391
C392,C392
C393,C393
C394,C394
C395,C395
C396,C396
C397,C397
C398,C398
C399,C399
C400,C400
C401,C401
C402,C402
C403,C403
C404,C404
C405,C405
C406,C406
C407,C407
C408,C408
C409,C409
C410,C410
C411,C411
C412,C412
C413,C413
C414,C414
C415,C415
C416,C416
C417,C417
C418,C418
C419,C419
C420,C420
C421,C421
C422,C422
C423,C423
C424,C424
C425,C425
C426,C426
C427,C427
C428,C428
C429,C429
C430,C430
C431,C431
C432,C432
C433,C433
C434,C434
C435,C435
C436,C436
C437,C437
C438,C438
C439,C439
C440,C440
C441,C441
C442,C442
C443,C443
C444,C444
C445,C445
C446,C446
C447,C447
C448,C448
C449,C449
C450,C450
C451,C451
C452,C452
C453,C453
C454,C454
C455,C455
C456,C456
C457,C457
C458,C458
C459,C459
C460,C460
C461,C461
C462,C462
C463,C463
C464,C464
C465,C465
C466,C466
C467,C467
C468,C468
C469,C469
C470,C470
C471,C471
C472,C472
C473,C473
C474,C474
C475,C475
C476,C476
C477,C477
C478,C478
C479,C479
C480,C480
C481,C481
C482,C482
C483,C483
C484,C484
C485,C485
C486,C486
C487,C487
C488,C488
C489,C489
C490,C490
C491,C491
C492,C492
C493,C493
C494,C494
C495,C495
C496,C496
C497,C497
C498,C498
C499,C499
C500,C500
C501,C501
C502,C502
C503,C503
C504,C504
C505,C505
C506,C506
C507,C507
C508,C508
C509,C509
C510,C510
C511,C511
C512,C512
C513,C513
C514,C514
C515,C515
C516,C516
C517,C517
C518,C518
C519,C519
C520,C520
C521,C521
C522,C522
C523,C523
C524,C524
C525,C525
C526,C526
C527,C527
C528,C528
C529,C529
C530,C530
C531,C531
C532,C532
C533,C533
C534,C534
C535,C535
C536,C536
C537,C537
C538,C538
C539,C539
C540,C540
C541,C541
C542,C542
C543,C543
C544,C544
C545,C545
C546,C546
C547,C547
C548,C548
C549,C549
C550,C550
C551,C551
C552,C552
C553,C553
C554,C554
C555,C555
C556,C556
C557,C557
C558,C558
C559,C559
C560,C560
C561,C561
C562,C562
C563,C563
C564,C564
C565,C565
C566,C566
C567,C567
C568,C568
C569,C569
C570,C570
C571,C571
C572,C572
C573,C573
C574,C574
C575,C575
C576,C576
C577,C577
C578,C578
C579,C579
C580,C580
C581,C581
C582,C582
C583,C583
C584,C584
C585,C585
C586,C586
C587,C587
C588,C588
C589,C589
C590,C590
C591,C591
C592,C592
C593,C593
C594,C594
C595,C595
C596,C596
C597,C597
C598,C598
C599,C599
C600,C600
C601,C601
C602,C602
C603,C603
C604,C604
C605,C605
C606,C606
C607,C607
C608,C608
C609,C609
C610,C610
C611,C611
C612,C612
C613,C613
C614,C614
C615,C615
C616,C616
C617,C617
C618,C618
C619,C619
C620,C620
C621,C621
C622,C622
C623,C623
C624,C624
C625,C625
C626,C626
C627,C627
C628,C628
C629,C629
C630,C630
C631,C631
C632,C632
C633,C633
C634,C634
C635,C635
C636,C636
C637,C637
C638,C638
C639,C639
C640,C640
C641,C641
C642,C642
C643,C643
C644,C644
C645,C645
C646,C646
C647,C647
C648,C648
C649,C649
C650,C650
C651,C651
C652,C652
C653,C653
C654,C654
C655,C655
C656,C656
C657,C657
C658,C658
C659,C659
C660,C660
C661,C661
C662,C662
C663,C663
C664,C664
C665,C665
C666,C666
C667,C667
C668,C668
C669,C669
C670,C670
C671,C671
C672,C672
C673,C673
C674,C674
C675,C675
C676,C676
C677,C677
C678,C678
C679,C679
C680,C680
C681,C681
C682,C682
C683,C683
C684,C684
C685,C685
C686,C686
C687,C687
C688,C688
C689,C689
C690,C690
C691,C691
C692,C692
C693,C693
C694,C694
C695,C695
C696,C696
C697,C697
C698,C698
C699,C699
C700,C700
C701,C701
C702,C702
C703,C703
C704,C704
C705,C705
C706,C706
C707,C707
C708,C708
C709,C709
C710,C710
C711,C711
C712,C712
C713,C713
C714,C714
C715,C715
C716,C716
C717,C717
C718,C718
C719,C719
C720,C720
C721,C721
C722,C722
C723,C723
C724,C724
C725,C725
C726,C726
C727,C727
C728,C728
C729,C729
C730,C730
C731,C731
C732,C732
C733,C733
C734,C734
C735,C735
C736,C736
C737,C737
C738,C738
C739,C739
C740,C740
C741,C741
C742,C742
C743,C743
C744,C744
C745,C745
C746,C746
C747,C747
C748,C748
C749,C749
C750,C750
C751,C751
C752,C752
C753,C753
C754,C754
C755,C755
C756,C756
C757,C757
C758,C758
C759,C759
C760,C760
C761,C761
C762,C762
C763,C763
C764,C764
C765,C765
C766,C766
C767,C767
C768,C768
C769,C769
C770,C770
C771,C771
C772,C772
C773,C773
C774,C774
C775,C775
C776,C776
C777,C777
C778,C778
C779,C779
C780,C780
C781,C781
C782,C782
C783,C783
C784,C784
C785,C785
C786,C786
C787,C787
C788,C788
C789,C789
C790,C790
C791,C791
C792,C792
C793,C793
C794,C794
C795,C795
C796,C796
C797,C797
C798,C798
C799,C799
C800,C800
C801,C801
C802,C802
C803,C803
C804,C804
C805,C805
C806,C806
C807,C807
C808,C808
C809,C809
C810,C810
C811,C811
C812,C812
C813,C813
C814,C814
C815,C815
C816,C816
C817,C817
C818,C818
C819,C819
C820,C820
C821,C821
C822,C822
C823,C823
C824,C824
C825,C825
C826,C826
C827,C827
C828,C828
C829,C829
C830,C830
C831,C831
C832,C832
C833,C833
C834,C834
C835,C835
C836,C836
C837,C837
C838,C838
C839,C839
C840,C840
C841,C841
C842,C842
C843,C843
C844,C844
C845,C845
C846,C846
C847,C847
C848,C848
C849,C849
C850,C850
C851,C851
C852,C852
C853,C853
C854,C854
C855,C855
C856,C856
C857,C857
C858,C858
C859,C859
C860,C860
C861,C861
C862,C862
C863,C863
C864,C864
C865,C865
C866,C866
C867,C867
C868,C868
C869,C869
C870,C870
C871,C871
C872,C872
C873,C873
C874,C874
C875,C875
C876,C876
C877,C877
C878,C878
C879,C879
C880,C880
C881,C881
C882,C882
C883,C883
C884,C884
C885,C885
C886,C886
C887,C887
C888,C888
C889,C889
C890,C890
C891,C891
C892,C892
C893,C893
C894,C894
C895,C895
C896,C896
C897,C897
C898,C898
C899,C899
C900,C900
C901,C901
C902,C902
C903,C903
C904,C904
C905,C905
C906,C906
C907,C907
C908,C908
C909,C909
C910,C910
C911,C911
C912,C912
C913,C913
C914,C914
C915,C915
C916,C916
C917,C917
C918,C918
C919,C919
C920,C920
C921,C921
C922,C922
C923,C923
C924,C924
C925,C925
C926,C926
C927,C927
C928,C928
C929,C929
C930,C930
C931,C931
C932,C932
C933,C933
C934,C934
C935,C935
C936,C936
C937,C937
C938,C938
C939,C939
C940,C940
C941,C941
C942,C942
C943,C943
C944,C944
C945,C945
C946,C946
C947,C947
C948,C948
C949,C949
C950,C950
C951,C951
C952,C952
C953,C953
C954,C954
C955,C955
C956,C956
C957,C957
C958,C958
C959,C959
C960,C960
C961,C961
C962,C962
C963,C963
C964,C964
C965,C965
C966,C966
C967,C967
C968,C968
C969,C969
C970,C970
C971,C971
C972,C972
C973,C973
C974,C974
C975,C975
C976,C976
C977,C977
C978,C978
C979,C979
C980,C980
C981,C981
C982,C982
C983,C983
C984,C984
C985,C985
C986,C986
C987,C987
C988,C988
C989,C989
C990,C990
C991,C991
C992,C992
C993,C993
C994,C994
C995,C995
C996,C996
C997,C997
C998,C998
C999,C999
C1000,C1000
C1001,C1001
C1002,C1002
C1003,C1003
C1004,C1004
C1005,C1005
C1006,C1006
C1007,C1007
C1008,C1008
C1009,C1009
C1010,C1010
C1011,C1011
C1012,C1012
C1013,C1013
C1014,C1014
C1015,C1015
C1016,C1016
C1017,C1017
C1018,C1018
C1019,C1019
C1020,C1020
C1021,C1021
C1022,C1022
C1023,C1023
C1024,C1024
C1025,C1025
C1026,C1026
C1027,C1027
C1028,C1028
C1029,C1029
C1030,C1030
C1031,C1031
C1032,C1032
C1033,C1033
C1034,C1034
C1035,C1035
C1036,C1036
C1037,C1037
C1038,C1038
C1039,C1039
C1040,C1040
C1041,C1041
C1042,C1042
C1043,C1043
C1044,C1044
C1045,C1045
C1046,C1046
C1047,C1047
C1048,C1048
C1049,C1049
C1050,C1050
C1051,C1051
C1052,C1052
C1053,C1053
C1054,C1054
C1055,C1055
C1056,C1056
C1057,C1057
C1058,C1058
C1059,C1059
C1060,C1060
C1061,C1061
C1062,C1062
C1063,C1063
C1064,C1064
C1065,C1065
C1066,C1066
C1067,C1067
C1068,C1068
C1069,C1069
C1070,C1070
C1071,C1071
C1072,C1072
C1073,C1073
C1074,C1074
C1075,C1075
C1076,C1076
C1077,C1077
C1078,C1078
C1079,C1079
C1080,C1080
C1081,C1081
C1082,C1082
C1083,C1083
C1084,C1084
C1085,C1085
C1086,C1086
C1087,C1087
C1088,C1088
C1089,C1089
C1090,C1090
C1091,C1091
C1092,C1092
C1093,C1093
C1094,C1094
C1095,C1095
C1096,C1096
C1097,C1097
C1098,C1098
C1099,C1099
C1100,C1100
C1101,C1101
C1102,C1102
C1103,C1103
C1104,C1104
C1105,C1105
C1106,C1106
C1107,C1107
C1108,C1108
C1109,C1109
C1110,C1110
C1111,C1111
C1112,C1112
C1113,C1113
C1114,C1114
C1115,C1115
C1116,C1116
C1117,C1117
C1118,C1118
C1119,C1119
C1120,C1120
C1121,C1121
C1122,C1122
C1123,C1123
C1124,C1124
C1125,C1125
C1126,C1126
C1127,C1127
C1128,C1128
C1129,C1129
C1130,C1130
C1131,C1131
C1132,C1132
C1133,C1133
C1134,C1134
C1135,C1135
C1136,C1136
C1137,C1137
C1138,C1138
C1139,C1139
C1140,C1140
C1141,C1141
C1142,C1142
C1143,C1143
C1144,C1144
C1145,C1145
C1146,C1146
C1147,C1147
C1148,C1148
C1149,C1149
C1150,C1150
C1151,C1151
C1152,C1152
C1153,C1153
C1154,C1154
C1155,C1155
C1156,C1156
C1157,C1157
C1158,C1158
C1159,C1159
C1160,C1160
C1161,C1161
C1162,C1162
C1163,C1163
C1164,C1164
C1165,C1165
C1166,C1166
C1167,C1167
C1168,C1168
C1169,C1169
C1170,C1170
C1171,C1171
C1172,C1172
C1173,C1173
C1174,C1174
C1175,C1175
C1176,C1176
C1177,C1177
C1178,C1178
C1179,C1179
C1180,C1180
C1181,C1181
C1182,C1182
C1183,C1183
C1184,C1184
C1185,C1185
C1186,C1186
C1187,C1187
C1188,C1188
C1189,C1189
C1190,C1190
C1191,C1191
C1192,C1192
C1193,C1193
C1194,C1194
C1195,C1195
C1196,C1196
C1197,C1197
C1198,C1198
C1199,C1199
C1200,C1200
C1201,C1201
C1202,C1202
C1203,C1203
C1204,C1204
C1205,C1205
C1206,C1206
C1207,C1207
C1208,C1208
C1209,C1209
C1210,C1210
C1211,C1211
C1212,C1212
C1213,C1213
C1214,C1214
C1215,C1215
C1216,C1216
C1217,C1217
C1218,C1218
C1219,C1219
C1220,C1220
C1221,C1221
C1222,C1222
C1223,C1223
C1224,C1224
C1225,C1225
C1226,C1226
C1227,C1227
C1228,C1228
C1229,C1229
C1230,C1230
C1231,C1231
C1232,C1232
C1233,C1233
C1234,C1234
C1235,C1235
C1236,C1236
C1237,C1237
C1238,C1238
C1239,C1239
C1240,C1240
C1241,C1241
C1242,C1242
C1243,C1243
C1244,C1244
C1245,C1245
C1246,C1246
C1247,C1247
C1248,C1248
C1249,C1249
C1250,C1250
C1251,C1251
C1252,C1252
C1253,C1253
C1254,C1254
C1255,C1255
C1256,C1256
C1257,C1257
C1258,C1258
C1259,C1259
C1260,C1260
C1261,C1261
C1262,C1262
C1263,C1263
C1264,C1264
C1265,C1265
C1266,C1266
C1267,C1267
C1268,C1268
C1269,C1269
C1270,C1270
C1271,C1271
C1272,C1272
C1273,C1273
C1274,C1274
C1275,C1275
C1276,C1276
C1277,C1277
C1278,C1278
C1279,C1279
C1280,C1280
C1281,C1281
C1282,C1282
C1283,C1283
C1284,C1284
C1285,C1285
C1286,C1286
C1287,C1287
C1288,C1288
C1289,C1289
C1290,C1290
C1291,C1291
C1292,C1292
C1293,C1293
C1294,C1294
C1295,C1295
C1296,C1296
C1297,C1297
C1298,C1298
C1299,C1299
C1300,C1300
C1301,C1301
C1302,C1302
C1303,C1303
C1304,C1304
C1305,C1305
C1306,C1306
C1307,C1307
C1308,C1308
C1309,C1309
C1310,C1310
C1311,C1311
C1312,C1312
C1313,C1313
C1314,C1314
C1315,C1315
C1316,C1316
C1317,C1317
C1318,C1318
C1319,C1319
C1320,C1320
C1321,C1321
C1322,C1322
C1323,C1323
C1324,C1324
C1325,C1325
C1326,C1326
C1327,C1327
C1328,C1328
C1329,C1329
C1330,C1330
C1331,C1331
C1332,C1332
C1333,C1333
C1334,C1334
C1335,C1335
C1336,C1336
C1337,C1337
C1338,C1338
C1339,C1339
C1340,C1340
C1341,C1341
C1342,C1342
C1343,C1343
C1344,C1344
C1345,C1345
C1346,C1346
C1347,C1347
C1348,C1348
C1349,C1349
C1350,C1350
C1351,C1351
C1352,C1352
C1353,C1353
C1354,C1354
C1355,C1355
C1356,C1356
C1357,C1357
C1358,C1358
C1359,C1359
C1360,C1360
C1361,C1361
C1362,C1362
C1363,C1363
C1364,C1364
C1365,C1365
C1366,C1366
C1367,C1367
C1368,C1368
C1369,C1369
C1370,C1370
C1371,C1371
C1372,C1372
C1373,C1373
C1374,C1374
C1375,C1375
C1376,C1376
C1377,C1377
C1378,C1378
C1379,C1379
C1380,C1380
C1381,C1381
C1382,C1382
C1383,C1383
C1384,C1384
C1385,C1385
C1386,C1386
C1387,C1387
C1388,C1388
C1389,C1389
C1390,C1390
C1391,C1391
C1392,C1392
C1393,C1393
C1394,C1394
C1395,C1395
C1396,C1396
C1397,C1397
C1398,C1398
C1399,C1399
C1400,C1400
C1401,C1401
C1402,C1402
C1403,C1403
C1404,C1404
C1405,C1405
C1406,C1406
C1407,C1407
C1408,C1408
C1409,C1409
C1410,C1410
C1411,C1411
C1412,C1412
C1413,C1413
C1414,C1414
C1415,C1415
C1416,C1416
C1417,C1417
C1418,C1418
C1419,C1419
C1420,C1420
C1421,C1421
C1422,C1422
C1423,C1423
C1424,C1424
C1425,C1425
C1426,C1426
C1427,C1427
C1428,C1428
C1429,C1429
C1430,C1430
C1431,C1431
C1432,C1432
C1433,C1433
C1434,C1434
C1435,C1435
C1436,C1436
C1437,C1437
C1438,C1438
C1439,C1439
C1440,C1440
C1441,C1441
C1442,C1442
C1443,C1443
C1444,C1444
C1445,C1445
C1446,C1446
C1447,C1447
C1448,C1448
C1449,C1449
C1450,C1450
C1451,C1451
C1452,C1452
C1453,C1453
C1454,C1454
C1455,C1455
C1456,C1456
C1457,C1457
C1458,C1458
C1459,C1459
C1460,C1460
C1461,C1461
C1462,C1462
C1463,C1463
C1464,C1464
C1465,C1465
C1466,C1466
C1467,C1467
C1468,C1468
C1469,C1469
C1470,C1470
C1471,C1471
C1472,C1472
C1473,C1473
C1474,C1474
C1475,C1475
C1476,C1476
C1477,C1477
C1478,C1478
C1479,C1479
C1480,C1480
C1481,C1481
C1482,C1482
C1483,C1483
C1484,C1484
C1485,C1485
C1486,C1486
C1487,C1487
C1488,C1488
C1489,C1489
C1490,C1490
C1491,C1491
C1492,C1492
C1493,C1493
C1494,C1494
C1495,C1495
C1496,C1496
C1497,C1497
C1498,C1498
C1499,C1499
C1500,C1500
C1501,C1501
C1502,C1502
C1503,C1503
C1504,C1504
C1505,C1505
C1506,C1506
C1507,C1507
C1508,C1508
C1509,C1509
C1510,C1510
C1511,C1511
C1512,C1512
C1513,C1513
C1514,C1514
C1515,C1515
C1516,C1516
C1517,C1517
C1518,C1518
C1519,C1519
C1520,C1520
C1521,C1521
C1522,C1522
C1523,C1523
C1524,C1524
C1525,C1525
C1526,C1526
C1527,C1527
C1528,C1528
C1529,C1529
C1530,C1530
C1531,C1531
C1532,C1532
C1533,C1533
C1534,C1534
C1535,C1535
C1536,C1536
C1537,C1537
C1538,C1538
C1539,C1539
C1540,C1540
C1541,C1541
C1542,C1542
C1543,C1543
C1544,C1544
C1545,C1545
C1546,C1546
C1547,C1547
C1548,C1548
C1549,C1549
C1550,C1550
C1551,C1551
C1552,C1552
C1553,C1553
C1554,C1554
C1555,C1555
C1556,C1556
C1557,C1557
C1558,C1558
C1559,C1559
C1560,C1560
C1561,C1561
C1562,C1562
C1563,C1563
C1564,C1564
C1565,C1565
C1566,C1566
C1567,C1567
C1568,C1568
C1569,C1569
C1570,C1570
C1571,C1571
C1572,C1572
C1573,C1573
C1574,C1574
C1575,C1575
C1576,C1576
C1577,C1577
C1578,C1578
C1579,C1579
C1580,C1580
C1581,C1581
C1582,C1582
C1583,C1583
C1584,C1584
C1585,C1585
C1586,C1586
C1587,C1587
C1588,C1588
C1589,C1589
C1590,C1590
C1591,C1591
C1592,C1592
C1593,C1593
C1594,C1594
C1595,C1595
C1596,C1596
C1597,C1597
C1598,C1598
C1599,C1599
C1600,C1600
C1601,C1601
C1602,C1602
C1603,C1603
C1604,C1604
C1605,C1605
C1606,C1606
C1607,C1607
C1608,C1608
C1609,C1609
C1610,C1610
C1611,C1611
C1612,C1612
C1613,C1613
C1614,C1614
C1615,C1615
C1616,C1616
C1617,C1617
C1618,C1618
C1619,C1619
C1620,C1620
C1621,C1621
C1622,C1622
C1623,C1623
C1624,C1624
C1625,C1625
C1626,C1626
C1627,C1627
C1628,C1628
C1629,C1629
C1630,C1630
C1631,C1631
C1632,C1632
C1633,C1633
C1634,C1634
C1635,C1635
C1636,C1636
C1637,C1637
C1638,C1638
C1639,C1639
C1640,C1640
C1641,C1641
C1642,C1642
C1643,C1643
C1644,C1644
C1645,C1645
C1646,C1646
C1647,C1647
C1648,C1648
C1649,C1649
C1650,C1650
C1651,C1651
C1652,C1652
C1653,C1653
C1654,C1654
C1655,C1655
C1656,C1656
C1657,C1657
C1658,C1658
C1659,C1659
C1660,C1660
C1661,C1661
C1662,C1662
C1663,C1663
C1664,C1664
C1665,C1665
C1666,C1666
C1667,C1667
C1668,C1668
C1669,C1669
C1670,C1670
C1671,C1671
C1672,C1672
C1673,C1673
C1674,C1674
C1675,C1675
C1676,C1676
C1677,C1677
C1678,C1678
C1679,C1679
C1680,C1680
C1681,C1681
C1682,C1682
C1683,C1683
C1684,C1684
C1685,C1685
C1686,C1686
C1687,C1687
C1688,C1688
C1689,C1689
C1690,C1690
C1691,C1691
C1692,C1692
C1693,C1693
C1694,C1694
C1695,C1695
C1696,C1696
C1697,C1697
C1698,C1698
C1699,C1699
C1700,C1700
C1701,C1701
C1702,C1702
C1703,C1703
C1704,C1704
C1705,C1705
C1706,C1706
C1707,C1707
C1708,C1708
C1709,C1709
C1710,C1710
C1711,C1711
C1712,C1712
C1713,C1713
C1714,C1714
C1715,C1715
C1716,C1716
C1717,C1717
C1718,C1718
C1719,C1719
C1720,C1720
C1721,C1721
C1722,C1722
C1723,C1723
C1724,C1724
C1725,C1725
C1726,C1726
C1727,C1727
C1728,C1728
C1729,C1729
C1730,C1730
C1731,C1731
C1732,C1732
C1733,C1733
C1734,C1734
C1735,C1735
C1736,C1736
C1737,C1737
C1738,C1738
C1739,C1739
C1740,C1740
C1741,C1741
C1742,C1742
C1743,C1743
C1744,C1744
C1745,C1745
C1746,C1746
C1747,C1747
C1748,C1748
C1749,C1749
C1750,C1750
C1751,C1751
C1752,C1752
C1753,C1753
C1754,C1754
C1755,C1755
C1756,C1756
C1757,C1757
C1758,C1758
C1759,C1759
C1760,C1760
C1761,C1761
C1762,C1762
C1763,C1763
C1764,C1764
C1765,C1765
C1766,C1766
C1767,C1767
C1768,C1768
C1769,C1769
C1770,C1770
C1771,C1771
C1772,C1772
C1773,C1773
C1774,C1774
C1775,C1775
C1776,C1776
C1777,C1777
C1778,C1778
C1779,C1779
C1780,C1780
C1781,C1781
C1782,C1782
C1783,C1783
C1784,C1784
C1785,C1785
C1786,C1786
C1787,C1787
C1788,C1788
C1789,C1789
C1790,C1790
C1791,C1791
C1792,C1792
C1793,C1793
C1794,C1794
C1795,C1795
C1796,C1796
C1797,C1797
C1798,C1798
C1799,C1799
C1800,C1800
C1801,C1801
C1802,C1802
C1803,C1803
C1804,C1804
C1805,C1805
C1806,C1806
C1807,C1807
C1808,C1808
C1809,C1809
C1810,C1810
C1811,C1811
C1812,C1812
C1813,C1813
C1814,C1814
C1815,C1815
C1816,C1816
C1817,C1817
C1818,C1818
C1819,C1819
C1820,C1820
C1821,C1821
C1822,C1822
C1823,C1823
C1824,C1824
C1825,C1825
C1826,C1826
C1827,C1827
C1828,C1828
C1829,C1829
C1830,C1830
C1831,C1831
C1832,C1832
C1833,C1833
C1834,C1834
C1835,C1835
C1836,C1836
C1837,C1837
C1838,C1838
C1839,C1839
C1840,C1840
C1841,C1841
C1842,C1842
C1843,C1843
C1844,C1844
C1845,C1845
C1846,C1846
C1847,C1847
C1848,C1848
C1849,C1849
C1850,C1850
C1851,C1851
C1852,C1852
C1853,C1853
C1854,C1854
C1855,C1855
C1856,C1856
C1857,C1857
C1858,C1858
C1859,C1859
C1860,C1860
C1861,C1861
C1862,C1862
C1863,C1863
C1864,C1864
C1865,C1865
C1866,C1866
C1867,C1867
C1868,C1868
C1869,C1869
C1870,C1870
C1871,C1871
C1872,C1872
C1873,C1873
C1874,C1874
C1875,C1875
C1876,C1876
C1877,C1877
C1878,C1878
C1879,C1879
C1880,C1880
C1881,C1881
C1882,C1882
C1883,C1883
C1884,C1884
C1885,C1885
C1886,C1886
C1887,C1887
C1888,C1888
C1889,C1889
C1890,C1890
C1891,C1891
C1892,C1892
C1893,C1893
C1894,C1894
C1895,C1895
C1896,C1896
C1897,C1897
C1898,C1898
C1899,C1899
C1900,C1900
C1901,C1901
C1902,C1902
C1903,C1903
C1904,C1904
C1905,C1905
C1906,C1906
C1907,C1907
C1908,C1908
C1909,C1909
C1910,C1910
C1911,C1911
C1912,C1912
C1913,C1913
C1914,C1914
C1915,C1915
C1916,C1916
C1917,C1917
C1918,C1918
C1919,C1919
C1920,C1920
C1921,C1921
C1922,C1922
C1923,C1923
C1924,C1924
C1925,C1925
C1926,C1926
C1927,C1927
C1928,C1928
C1929,C1929
C1930,C1930
C1931,C1931
C1932,C1932
C1933,C1933
C1934,C1934
C1935,C1935
C1936,C1936
C1937,C1937
C1938,C1938
C1939,C1939
C1940,C1940
C1941,C1941
C1942,C1942
C1943,C1943
C1944,C1944
C1945,C1945
C1946,C1946
C1947,C1947
C1948,C1948
C1949,C1949
C1950,C1950
C1951,C1951
C1952,C1952
C1953,C1953
C1954,C1954
C1955,C1955
C1956,C1956
C1957,C1957
C1958,C1958
C1959,C1959
C1960,C1960
C1961,C1961
C1962,C1962
C1963,C1963
C1964,C1964
C1965,C1965
C1966,C1966
C1967,C1967
C1968,C1968
C1969,C1969
C1970,C1970
C1971,C1971
C1972,C1972
C1973,C1973
C1974,C1974
C1975,C1975
C1976,C1976
C1977,C1977
C1978,C1978
C1979,C1979
C1980,C1980
C1981,C1981
C1982,C1982
C1983,C1983
C1984,C1984
C1985,C1985
C1986,C1986
C1987,C1987
C1988,C1988
C1989,C1989
C1990,C1990
C1991,C1991
C1992,C1992
C1993,C1993
C1994,C1994
C1995,C1995
C1996,C1996
C1997,C1997
C1998,C1998
C1999,C1999
C2000,C2000
C2001,C2001
C2002,C2002
C2003,C2003
C2004,C2004
C2005,C2005
C2006,C2006
C2007,C2007
C2008,C2008
C2009,C2009
C2010,C2010
C2011,C2011
C2012,C2012
C2013,C2013
C2014,C2014
C2015,C2015
C2016,C2016
C2017,C2017
C2018,C2018
C2019,C2019
C2020,C2020
C2021,C2021
C2022,C2022
C2023,C2023
C2024,C2024
C2025,C2025
C2026,C2026
C2027,C2027
C2028,C2028
C2029,C2029
C2030,C2030
C2031,C2031
C2032,C2032
C2033,C2033
C2034,C2034
C2035,C2035
C2036,C2036
C2037,C2037
C2038,C2038
C2039,C2039
C2040,C2040
C2041,C2041
C2042,C2042
C2043,C2043
C2044,C2044
C2045,C2045
C2046,C2046
C2047,C2047
C2048,C2048
C2049,C2049
C2050,C2050
C2051,C2051
C2052,C2052
C2053,C2053
C2054,C2054
C2055,C2055
C2056,C2056
C2057,C2057
C2058,C2058
C2059,C2059
C2060,C2060
C2061,C2061
C2062,C2062
C2063,C2063
C2064,C2064
C2065,C2065
C2066,C2066
C2067,C2067
C2068,C2068
C2069,C2069
C2070,C2070
C2071,C2071
C2072,C2072
C2073,C2073
C2074,C2074
C2075,C2075
C2076,C2076
C2077,C2077
C2078,C2078
C2079,C2079
C2080,C2080
C2081,C2081
C2082,C2082
C2083,C2083
C2084,C2084
C2085,C2085
C2086,C2086
C2087,C2087
C2088,C2088
C2089,C2089
C2090,C2090
C2091,C2091
C2092,C2092
C2093,C2093
C2094,C2094
C2095,C2095
C2096,C2096
C2097,C2097
C2098,C2098
C2099,C2099
C2100,C2100
C2101,C2101
C2102,C2102
C2103,C2103
C2104,C2104
C2105,C2105
C2106,C2106
C2107,C2107
C2108,C2108
C2109,C2109
C2110,C2110
C2111,C2111
C2112,C2112
C2113,C2113
C2114,C2114
C2115,C2115
C2116,C2116
C2117,C2117
C2118,C2118
C2119,C2119
C2120,C2120
C2121,C2121
C2122,C2122
C2123,C2123
C2124,C2124
C2125,C2125
C2126,C2126
C2127,C2127
C2128,C2128
C2129,C2129
C2130,C2130
C2131,C2131
C2132,C2132
C2133,C2133
C2134,C2134
C2135,C2135
C2136,C2136
C2137,C2137
C2138,C2138
C2139,C2139
C2140,C2140
C2141,C2141
C2142,C2142
C2143,C2143
C2144,C2144
C2145,C2145
C2146,C2146
C2147,C2147
C2148,C2148
C2149,C2149
C2150,C2150
C2151,C2151
C2152,C2152
C2153,C2153
C2154,C2154
C2155,C2155
C2156,C2156
C2157,C2157
C2158,C2158
C2159,C2159
C2160,C2160
C2161,C2161
C2162,C2162
C2163,C2163
C2164,C2164
C2165,C2165
C2166,C2166
C2167,C2167
C2168,C2168
C2169,C2169
C2170,C2170
C2171,C2171
C2172,C2172
C2173,C2173
C2174,C2174
C2175,C2175
C2176,C2176
C2177,C2177
C2178,C2178
C2179,C2179
C2180,C2180
C2181,C2181
C2182,C2182
C2183,C2183
C2184,C2184
C2185,C2185
C2186,C2186
C2187,C2187
C2188,C2188
C2189,C2189
C2190,C2190
C2191,C2191
C2192,C2192
C2193,C2193
C2194,C2194
C2195,C2195
C2196,C2196
C2197,C2197
C2198,C2198
C2199,C2199
C2200,C2200
C2201,C2201
C2202,C2202
C2203,C2203
C2204,C2204
C2205,C2205
C2206,C2206
C2207,C2207
C2208,C2208
C2209,C2209
C2210,C2210
C2211,C2211
C2212,C2212
C2213,C2213
C2214,C2214
C2215,C2215
C2216,C2216
C2217,C2217
C2218,C2218
C2219,C2219
C2220,C2220
C2221,C2221
C2222,C2222
C2223,C2223
C2224,C2224
C2225,C2225
C2226,C2226
C2227,C2227
C2228,C2228
C2229,C2229
C2230,C2230
C2231,C2231
C2232,C2232
C2233,C2233
C2234,C2234
C2235,C2235
C2236,C2236
C2237,C2237
C2238,C2238
C2239,C2239
C2240,C2240
C2241,C2241
C2242,C2242
C2243,C2243
C2244,C2244
C2245,C2245
C2246,C2246
C2247,C2247
C2248,C2248
C2249,C2249
C2250,C2250
C2251,C2251
C2252,C2252
C2253,C2253
C2254,C2254
C2255,C2255
C2256,C2256
C2257,C2257
C2258,C2258
C2259,C2259
C2260,C2260
C2261,C2261
C2262,C2262
C2263,C2263
C2264,C2264
C2265,C2265
C2266,C2266
C2267,C2267
C2268,C2268
C2269,C2269
C2270,C2270
C2271,C2271
C2272,C2272
C2273,C2273
C2274,C2274
C2275,C2275
C2276,C2276
C2277,C2277
C2278,C2278
C2279,C2279
C2280,C2280
C2281,C2281
C2282,C2282
C2283,C2283
C2284,C2284
C2285,C2285
C2286,C2286
C2287,C2287
C2288,C2288
C2289,C2289
C2290,C2290
C2291,C2291
C2292,C2292
C2293,C2293
C2294,C2294
C2295,C2295
C2296,C2296
C2297,C2297
C2298,C2298
C2299,C2299
C2300,C2300
C2301,C2301
C2302,C2302
C2303,C2303
C2304,C2304
C2305,C2305
C2306,C2306
C2307,C2307
C2308,C2308
C2309,C2309
C2310,C2310
C2311,C2311
C2312,C2312
C2313,C2313
C2314,C2314
C2315,C2315
C2316,C2316
C2317,C2317
C2318,C2318
C2319,C2319
C2320,C2320
C2321,C2321
C2322,C2322
C2323,C2323
C2324,C2324
C2325,C2325
C2326,C2326
C2327,C2327
C2328,C2328
C2329,C2329
C2330,C2330
C2331,C2331
C2332,C2332
C2333,C2333
C2334,C2334
C2335,C2335
C2336,C2336
C2337,C2337
C2338,C2338
C2339,C2339
C2340,C2340
C2341,C2341
C2342,C2342
C2343,C2343
C2344,C2344
C2345,C2345
C2346,C2346
C2347,C2347
C2348,C2348
C2349,C2349
C2350,C2350
C2351,C2351
C2352,C2352
C2353,C2353
C2354,C2354
C2355,C2355
C2356,C2356
C2357,C2357
C2358,C2358
C2359,C2359
C2360,C2360
C2361,C2361
C2362,C2362
C2363,C2363
C2364,C2364
C2365,C2365
C2366,C2366
C2367,C2367
C2368,C2368
C2369,C2369
C2370,C2370
C2371,C2371
C2372,C2372
C2373,C2373
C2374,C2374
C2375,C2375
C2376,C2376
C2377,C2377
C2378,C2378
C2379,C2379
C2380,C2380
C2381,C2381
C2382,C2382
C2383,C2383
C2384,C2384
C2385,C2385
C2386,C2386
C2387,C2387
C2388,C2388
C2389,C2389
C2390,C2390
C2391,C2391
C2392,C2392
C2393,C2393
C2394,C2394
C2395,C2395
C2396,C2396
C2397,C2397
C2398,C2398
C2399,C2399
C2400,C2400
C2401,C2401
C2402,C2402
C2403,C2403
C2404,C2404
C2405,C2405
C2406,C2406
C2407,C2407
C2408,C2408
C2409,C2409
C2410,C2410
C2411,C2411
C2412,C2412
C2413,C2413
C2414,C2414
C2415,C2415
C2416,C2416
C2417,C2417
C2418,C2418
C2419,C2419
C2420,C2420
C2421,C2421
C2422,C2422
C2423,C2423
C2424,C2424
C2425,C2425
C2426,C2426
C2427,C2427
C2428,C2428
C2429,C2429
C2430,C2430
C2431,C2431
C2432,C2432
C2433,C2433
C2434,C2434
C2435,C2435
C2436,C2436
C2437,C2437
C2438,C2438
C2439,C2439
C2440,C2440
C2441,C2441
C2442,C2442
C2443,C2443
C2444,C2444
C2445,C2445
C2446,C2446
C2447,C2447
C2448,C2448
C2449,C2449
C2450,C2450
C2451,C2451
C2452,C2452
C2453,C2453
C2454,C2454
C2455,C2455
C2456,C2456
C2457,C2457
C2458,C2458
C2459,C2459
C2460,C2460
C2461,C2461
C2462,C2462
C2463,C2463
C2464,C2464
C2465,C2465
C2466,C2466
C2467,C2467
C2468,C2468
C2469,C2469
C2470,C2470
C2471,C2471
C2472,C2472
C2473,C2473
C2474,C2474
C2475,C2475
C2476,C2476
C2477,C2477
C2478,C2478
C2479,C2479
C2480,C2480
C2481,C2481
C2482,C2482
C2483,C2483
C2484,C2484
C2485,C2485
C2486,C2486
C2487,C2487
C2488,C2488
C2489,C2489
C2490,C2490
C2491,C2491
C2492,C2492
C2493,C2493
C2494,C2494
C2495,C2495
C2496,C2496
C2497,C2497
C2498,C2498
C2499,C2499
C2500,C2500
C2501,C2501
C2502,C2502
C2503,C2503
C2504,C2504
C2505,C2505
C2506,C2506
C2507,C2507
C2508,C2508
C2509,C2509
C2510,C2510
C2511,C2511
C2512,C2512
C2513,C2513
C2514,C2514
C2515,C2515
C2516,C2516
C2517,C2517
C2518,C2518
C2519,C2519
C2520,C2520
C2521,C2521
C2522,C2522
C2523,C2523
C2524,C2524
C2525,C2525
C2526,C2526
C2527,C2527
C2528,C2528
C2529,C2529
C2530,C2530
C2531,C2531
C2532,C2532
C2533,C2533
C2534,C2534
C2535,C2535
C2536,C2536
C2537,C2537
C2538,C2538
C2539,C2539
C2540,C2540
C2541,C2541
C2542,C2542
C2543,C2543
C2544,C2544
C2545,C2545
C2546,C2546
C2547,C2547
C2548,C2548
C2549,C2549
C2550,C2550
C2551,C2551
C2552,C2552
C2553,C2553
C2554,C2554
C2555,C2555
C2556,C2556
C2557,C2557
C2558,C2558
C2559,C2559
C2560,C2560
C2561,C2561
C2562,C2562
C2563,C2563
C2564,C2564
C2565,C2565
C2566,C2566
C2567,C2567
C2568,C2568
C2569,C2569
C2570,C2570
C2571,C2571
C2572,C2572
C2573,C2573
C2574,C2574
C2575,C2575
C2576,C2576
C2577,C2577
C2578,C2578
C2579,C2579
C2580,C2580
C2581,C2581
C2582,C2582
C2583,C2583
C2584,C2584
C2585,C2585
C2586,C2586
C2587,C2587
C2588,C2588
C2589,C2589
C2590,C2590
C2591,C2591
C2592,C2592
C2593,C2593
C2594,C2594
C2595,C2595
C2596,C2596
C2597,C2597
C2598,C2598
C2599,C2599
C2600,C2600
C2601,C2601
C2602,C2602
C2603,C2603
C2604,C2604
C2605,C2605
C2606,C2606
C2607,C2607
C2608,C2608
C2609,C2609
C2610,C2610
C2611,C2611
C2612,C2612
C2613,C2613
C2614,C2614
C2615,C2615
C2616,C2616
C2617,C2617
C2618,C2618
C2619,C2619
C2620,C2620
C2621,C2621
C2622,C2622
C2623,C2623
C2624,C2624
C2625,C2625
C2626,C2626
C2627,C2627
C2628,C2628
C2629,C2629
C2630,C2630
C2631,C2631
C2632,C2632
C2633,C2633
C2634,C2634
C2635,C2635
C2636,C2636
C2637,C2637
C2638,C2638
C2639,C2639
C2640,C2640
C2641,C2641
C2642,C2642
C2643,C2643
C2644,C2644
C2645,C2645
C2646,C2646
C2647,C2647
C2648,C2648
C2649,C2649
C2650,C2650
C2651,C2651
C2652,C2652
C2653,C2653
C2654,C2654
C2655,C2655
C2656,C2656
C2657,C2657
C2658,C2658
C2659,C2659
C2660,C2660
C2661,C2661
C2662,C2662
C2663,C2663
C2664,C2664
C2665,C2665
C2666,C2666
C2667,C2667
C2668,C2668
C2669,C2669
C2670,C2670
C2671,C2671
C2672,C2672
C2673,C2673
C2674,C2674
C2675,C2675
C2676,C2676
C2677,C2677
C2678,C2678
C2679,C2679
C2680,C2680
C2681,C2681
C2682,C2682
C2683,C2683
C2684,C2684
C2685,C2685
C2686,C2686
C2687,C2687
C2688,C2688
C2689,C2689
C2690,C2690
C2691,C2691
C2692,C2692
C2693,C2693
C2694,C2694
C2695,C2695
C2696,C2696
C2697,C2697
C2698,C2698
C2699,C2699
C2700,C2700
C2701,C2701
C2702,C2702
C2703,C2703
C2704,C2704
C2705,C2705
C2706,C2706
C2707,C2707
C2708,C2708
C2709,C2709
C2710,C2710
C2711,C2711
C2712,C2712
C2713,C2713
C2714,C2714
C2715,C2715
C2716,C2716
C2717,C2717
C2718,C2718
C2719,C2719
C2720,C2720
C2721,C2721
C2722,C2722
C2723,C2723
C2724,C2724
C2725,C2725
C2726,C2726
C2727,C2727
C2728,C2728
C2729,C2729
C2730,C2730
C2731,C2731
C2732,C2732
C2733,C2733
C2734,C2734
C2735,C2735
C2736,C2736
C2737,C2737
C2738,C2738
C2739,C2739
C2740,C2740
C2741,C2741
C2742,C2742
C2743,C2743
C2744,C2744
C2745,C2745
C2746,C2746
C2747,C2747
C2748,C2748
C2749,C2749
C2750,C2750
C2751,C2751
C2752,C2752
C2753,C2753
C2754,C2754
C2755,C2755
C2756,C2756
C2757,C2757
C2758,C2758
C2759,C2759
C2760,C2760
C2761,C2761
C2762,C2762
C2763,C2763
C2764,C2764
C2765,C2765
C2766,C2766
C2767,C2767
C2768,C2768
C2769,C2769
C2770,C2770
C2771,C2771
C2772,C2772
C2773,C2773
C2774,C2774
C2775,C2775
C2776,C2776
C2777,C2777
C2778,C2778
C2779,C2779
C2780,C2780
C2781,C2781
C2782,C2782
C2783,C2783
C2784,C2784
C2785,C2785
C2786,C2786
C2787,C2787
C2788,C2788
C2789,C2789
C2790,C2790
C2791,C2791
C2792,C2792
C2793,C2793
C2794,C2794
C2795,C2795
C2796,C2796
C2797,C2797
C2798,C2798
C2799,C2799
C2800,C2800
C2801,C2801
C2802,C2802
C2803,C2803
C2804,C2804
C2805,C2805
C2806,C2806
C2807,C2807
C2808,C2808
C2809,C2809
C2810,C2810
C2811,C2811
C2812,C2812
C2813,C2813
C2814,C2814
C2815,C2815
C2816,C2816
C2817,C2817
C2818,C2818
C2819,C2819
C2820,C2820
C2821,C2821
C2822,C2822
C2823,C2823
C2824,C2824
C2825,C2825
C2826,C2826
C2827,C2827
C2828,C2828
C2829,C2829
C2830,C2830
C2831,C2831
C2832,C2832
C2833,C2833
C2834,C2834
C2835,C2835
C2836,C2836
C2837,C2837
C2838,C2838
C2839,C2839
C2840,C2840
C2841,C2841
C2842,C2842
C2843,C2843
C2844,C2844
C2845,C2845
C2846,C2846
C2847,C2847
C2848,C2848
C2849,C2849
C2850,C2850
C2851,C2851
C2852,C2852
C2853,C2853
C2854,C2854
C2855,C2855
C2856,C2856
C2857,C2857
C2858,C2858
C2859,C2859
C2860,C2860
C2861,C2861
C2862,C2862
C2863,C2863
C2864,C2864
C2865,C2865
C2866,C2866
C2867,C2867
C2868,C2868
C2869,C2869
C2870,C2870
C2871,C2871
C2872,C2872
C2873,C2873
C2874,C2874
C2875,C2875
C2876,C2876
C2877,C2877
C2878,C2878
C2879,C2879
C2880,C2880
C2881,C2881
C2882,C2882
C2883,C2883
C2884,C2884
C2885,C2885
C2886,C2886
C2887,C2887
C2888,C2888
C2889,C2889
C2890,C2890
C2891,C2891
C2892,C2892
C2893,C2893
C2894,C2894
C2895,C2895
C2896,C2896
C2897,C2897
C2898,C2898
C2899,C2899
C2900,C2900
C2901,C2901
C2902,C2902
C2903,C2903
C2904,C2904
C2905,C2905
C2906,C2906
C2907,C2907
C2908,C2908
C2909,C2909
C2910,C2910
C2911,C2911
C2912,C2912
C2913,C2913
C2914,C2914
C2915,C2915
C2916,C2916
C2917,C2917
C2918,C2918
C2919,C2919
C2920,C2920
C2921,C2921
C2922,C2922
C2923,C2923
C2924,C2924
C2925,C2925
C2926,C2926
C2927,C2927
C2928,C2928
C2929,C2929
C2930,C2930
C2931,C2931
C2932,C2932
C2933,C2933
C2934,C2934
C2935,C2935
C2936,C2936
C2937,C2937
C2938,C2938
C2939,C2939
C2940,C2940
C2941,C2941
C2942,C2942
C2943,C2943
C2944,C2944
C2945,C2945
C2946,C2946
C2947,C2947
C2948,C2948
C2949,C2949
C2950,C2950
C2951,C2951
C2952,C2952
C2953,C2953
C2954,C2954
C2955,C2955
C2956,C2956
C2957,C2957
C2958,C2958
C2959,C2959
C2960,C2960
C2961,C2961
C2962,C2962
C2963,C2963
C2964,C2964
C2965,C2965
C2966,C2966
C2967,C2967
C2968,C2968
C2969,C2969
C2970,C2970
C2971,C2971
C2972,C2972
C2973,C2973
C2974,C2974
C2975,C2975
C2976,C2976
C2977,C2977
C2978,C2978
C2979,C2979
C2980,C2980
C2981,C2981
C2982,C2982
C2983,C2983
C2984,C2984
C2985,C2985
C2986,C2986
C2987,C2987
C2988,C2988
C2989,C2989
C2990,C2990
C2991,C2991
C2992,C2992
C2993,C2993
C2994,C2994
C2995,C2995
C2996,C2996
C2997,C2997
C2998,C2998
C2999,C2999
C3000,C3000
