B1,B1
B2,B2
B3,B3
B4,B4
B5,B5
B6,B6
B7,B7
B8,B8
B9,B9
B10,B10
B11,B11
B12,B12
B13,B13
B14,B14
B15,B15
B16,B16
B17,B17
B18,B18
B19,B19
B20,B20
B21,B21
B22,B22
B23,B23
B24,B24
B25,B25
B26,B26
B27,B27
B28,B28
B29,B29
B30,B30
B31,B31
B32,B32
B33,B33
B34,B34
B35,B35
B36,B36
B37,B37
B38,B38
B39,B39
B40,B40
B41,B41
B42,B42
B43,B43
B44,B44
B45,B45
B46,B46
B47,B47
B48,B48
B49,B49
B50,B50
B51,B51
B52,B52
B53,B53
B54,B54
B55,B55
B56,B56
B57,B57
B58,B58
B59,B59
B60,B60
B61,B61
B62,B62
B63,B63
B64,B64
B65,B65
B66,B66
B67,B67
B68,B68
B69,B69
B70,B70
B71,B71
B72,B72
B73,B73
B74,B74
B75,B75
B76,B76
B77,B77
B78,B78
B79,B79
B80,B80
B81,B81
B82,B82
B83,B83
B84,B84
B85,B85
B86,B86
B87,B87
B88,B88
B89,B89
B90,B90
B91,B91
B92,B92
B93,B93
B94,B94
B95,B95
B96,B96
B97,B97
B98,B98
B99,B99
B100,B100
B101,B101
B102,B102
B103,B103
B104,B104
B105,B105
B106,B106
B107,B107
B108,B108
B109,B109
B110,B110
B111,B111
B112,B112
B113,B113
B114,B114
B115,B115
B116,B116
B117,B117
B118,B118
B119,B119
B120,B120
B121,B121
B122,B122
B123,B123
B124,B124
B125,B125
B126,B126
B127,B127
B128,B128
B129,B129
B130,B130
B131,B131
B132,B132
B133,B133
B134,B134
B135,B135
B136,B136
B137,B137
B138,B138
B139,B139
B140,B140
B141,B141
B142,B142
B143,B143
B144,B144
B145,B145
B146,B146
B147,B147
B148,B148
B149,B149
B150,B150
B151,B151
B152,B152
B153,B153
B154,B154
B155,B155
B156,B156
B157,B157
B158,B158
B159,B159
B160,B160
B161,B161
B162,B162
B163,B163
B164,B164
B165,B165
B166,B166
B167,B167
B168,B168
B169,B169
B170,B170
B171,B171
B172,B172
B173,B173
B174,B174
B175,B175
B176,B176
B177,B177
B178,B178
B179,B179
B180,B180
B181,B181
B182,B182
B183,B183
B184,B184
B185,B185
B186,B186
B187,B187
B188,B188
B189,B189
B190,B190
B191,B191
B192,B192
B193,B193
B194,B194
B195,B195
B196,B196
B197,B197
B198,B198
B199,B199
B200,B200
B201,B201
B202,B202
B203,B203
B204,B204
B205,B205
B206,B206
B207,B207
B208,B208
B209,B209
B210,B210
B211,B211
B212,B212
B213,B213
B214,B214
B215,B215
B216,B216
B217,B217
B218,B218
B219,B219
B220,B220
B221,B221
B222,B222
B223,B223
B224,B224
B225,B225
B226,B226
B227,B227
B228,B228
B229,B229
B230,B230
B231,B231
B232,B232
B233,B233
B234,B234
B235,B235
B236,B236
B237,B237
B238,B238
B239,B239
B240,B240
B241,B241
B242,B242
B243,B243
B244,B244
B245,B245
B246,B246
B247,B247
B248,B248
B249,B249
B250,B250
B251,B251
B252,B252
B253,B253
B254,B254
B255,B255
B256,B256
B257,B257
B258,B258
B259,B259
B260,B260
B261,B261
B262,B262
B263,B263
B264,B264
B265,B265
B266,B266
B267,B267
B268,B268
B269,B269
B270,B270
B271,B271
B272,B272
B273,B273
B274,B274
B275,B275
B276,B276
B277,B277
B278,B278
B279,B279
B280,B280
B281,B281
B282,B282
B283,B283
B284,B284
B285,B285
B286,B286
B287,B287
B288,B288
B289,B289
B290,B290
B291,B291
B292,B292
B293,B293
B294,B294
B295,B295
B296,B296
B297,B297
B298,B298
B299,B299
B300,B300
B301,B301
B302,B302
B303,B303
B304,B304
B305,B305
B306,B306
B307,B307
B308,B308
B309,B309
B310,B310
B311,B311
B312,B312
B313,B313
B314,B314
B315,B315
B316,B316
B317,B317
B318,B318
B319,B319
B320,B320
B321,B321
B322,B322
B323,B323
B324,B324
B325,B325
B326,B326
B327,B327
B328,B328
B329,B329
B330,B330
B331,B331
B332,B332
B333,B333
B334,B334
B335,B335
B336,B336
B337,B337
B338,B338
B339,B339
B340,B340
B341,B341
B342,B342
B343,B343
B344,B344
B345,B345
B346,B346
B347,B347
B348,B348
B349,B349
B350,B350
B351,B351
B352,B352
B353,B353
B354,B354
B355,B355
B356,B356
B357,B357
B358,B358
B359,B359
B360,B360
B361,B361
B362,B362
B363,B363
B364,B364
B365,B365
B366,B366
B367,B367
B368,B368
B369,B369
B370,B370
B371,B371
B372,B372
B373,B373
B374,B374
B375,B375
B376,B376
B377,B377
B378,B378
B379,B379
B380,B380
B381,B381
B382,B382
B383,B383
B384,B384
B385,B385
B386,B386
B387,B387
B388,B388
B389,B389
B390,B390
B391,B391
B392,B392
B393,B393
B394,B394
B395,B395
B396,B396
B397,B397
B398,B398
B399,B399
B400,B400
B401,B401
B402,B402
B403,B403
B404,B404
B405,B405
B406,B406
B407,B407
B408,B408
B409,B409
B410,B410
B411,B411
B412,B412
B413,B413
B414,B414
B415,B415
B416,B416
B417,B417
B418,B418
B419,B419
B420,B420
B421,B421
B422,B422
B423,B423
B424,B424
B425,B425
B426,B426
B427,B427
B428,B428
B429,B429
B430,B430
B431,B431
B432,B432
B433,B433
B434,B434
B435,B435
B436,B436
B437,B437
B438,B438
B439,B439
B440,B440
B441,B441
B442,B442
B443,B443
B444,B444
B445,B445
B446,B446
B447,B447
B448,B448
B449,B449
B450,B450
B451,B451
B452,B452
B453,B453
B454,B454
B455,B455
B456,B456
B457,B457
B458,B458
B459,B459
B460,B460
B461,B461
B462,B462
B463,B463
B464,B464
B465,B465
B466,B466
B467,B467
B468,B468
B469,B469
B470,B470
B471,B471
B472,B472
B473,B473
B474,B474
B475,B475
B476,B476
B477,B477
B478,B478
B479,B479
B480,B480
B481,B481
B482,B482
B483,B483
B484,B484
B485,B485
B486,B486
B487,B487
B488,B488
B489,B489
B490,B490
B491,B491
B492,B492
B493,B493
B494,B494
B495,B495
B496,B496
B497,B497
B498,B498
B499,B499
B500,B500
B501,B501
B502,B502
B503,B503
B504,B504
B505,B505
B506,B506
B507,B507
B508,B508
B509,B509
B510,B510
B511,B511
B512,B512
B513,B513
B514,B514
B515,B515
B516,B516
B517,B517
B518,B518
B519,B519
B520,B520
B521,B521
B522,B522
B523,B523
B524,B524
B525,B525
B526,B526
B527,B527
B528,B528
B529,B529
B530,B530
B531,B531
B532,B532
B533,B533
B534,B534
B535,B535
B536,B536
B537,B537
B538,B538
B539,B539
B540,B540
B541,B541
B542,B542
B543,B543
B544,B544
B545,B545
B546,B546
B547,B547
B548,B548
B549,B549
B550,B550
B551,B551
B552,B552
B553,B553
B554,B554
B555,B555
B556,B556
B557,B557
B558,B558
B559,B559
B560,B560
B561,B561
B562,B562
B563,B563
B564,B564
B565,B565
B566,B566
B567,B567
B568,B568
B569,B569
B570,B570
B571,B571
B572,B572
B573,B573
B574,B574
B575,B575
B576,B576
B577,B577
B578,B578
B579,B579
B580,B580
B581,B581
B582,B582
B583,B583
B584,B584
B585,B585
B586,B586
B587,B587
B588,B588
B589,B589
B590,B590
B591,B591
B592,B592
B593,B593
B594,B594
B595,B595
B596,B596
B597,B597
B598,B598
B599,B599
B600,B600
B601,B601
B602,B602
B603,B603
B604,B604
B605,B605
B606,B606
B607,B607
B608,B608
B609,B609
B610,B610
B611,B611
B612,B612
B613,B613
B614,B614
B615,B615
B616,B616
B617,B617
B618,B618
B619,B619
B620,B620
B621,B621
B622,B622
B623,B623
B624,B624
B625,B625
B626,B626
B627,B627
B628,B628
B629,B629
B630,B630
B631,B631
B632,B632
B633,B633
B634,B634
B635,B635
B636,B636
B637,B637
B638,B638
B639,B639
B640,B640
B641,B641
B642,B642
B643,B643
B644,B644
B645,B645
B646,B646
B647,B647
B648,B648
B649,B649
B650,B650
B651,B651
B652,B652
B653,B653
B654,B654
B655,B655
B656,B656
B657,B657
B658,B658
B659,B659
B660,B660
B661,B661
B662,B662
B663,B663
B664,B664
B665,B665
B666,B666
B667,B667
B668,B668
B669,B669
B670,B670
B671,B671
B672,B672
B673,B673
B674,B674
B675,B675
B676,B676
B677,B677
B678,B678
B679,B679
B680,B680
B681,B681
B682,B682
B683,B683
B684,B684
B685,B685
B686,B686
B687,B687
B688,B688
B689,B689
B690,B690
B691,B691
B692,B692
B693,B693
B694,B694
B695,B695
B696,B696
B697,B697
B698,B698
B699,B699
B700,B700
B701,B701
B702,B702
B703,B703
B704,B704
B705,B705
B706,B706
B707,B707
B708,B708
B709,B709
B710,B710
B711,B711
B712,B712
B713,B713
B714,B714
B715,B715
B716,B716
B717,B717
B718,B718
B719,B719
B720,B720
B721,B721
B722,B722
B723,B723
B724,B724
B725,B725
B726,B726
B727,B727
B728,B728
B729,B729
B730,B730
B731,B731
B732,B732
B733,B733
B734,B734
B735,B735
B736,B736
B737,B737
B738,B738
B739,B739
B740,B740
B741,B741
B742,B742
B743,B743
B744,B744
B745,B745
B746,B746
B747,B747
B748,B748
B749,B749
B750,B750
B751,B751
B752,B752
B753,B753
B754,B754
B755,B755
B756,B756
B757,B757
B758,B758
B759,B759
B760,B760
B761,B761
B762,B762
B763,B763
B764,B764
B765,B765
B766,B766
B767,B767
B768,B768
B769,B769
B770,B770
B771,B771
B772,B772
B773,B773
B774,B774
B775,B775
B776,B776
B777,B777
B778,B778
B779,B779
B780,B780
B781,B781
B782,B782
B783,B783
B784,B784
B785,B785
B786,B786
B787,B787
B788,B788
B789,B789
B790,B790
B791,B791
B792,B792
B793,B793
B794,B794
B795,B795
B796,B796
B797,B797
B798,B798
B799,B799
B800,B800
B801,B801
B802,B802
B803,B803
B804,B804
B805,B805
B806,B806
B807,B807
B808,B808
B809,B809
B810,B810
B811,B811
B812,B812
B813,B813
B814,B814
B815,B815
B816,B816
B817,B817
B818,B818
B819,B819
B820,B820
B821,B821
B822,B822
B823,B823
B824,B824
B825,B825
B826,B826
B827,B827
B828,B828
B829,B829
B830,B830
B831,B831
B832,B832
B833,B833
B834,B834
B835,B835
B836,B836
B837,B837
B838,B838
B839,B839
B840,B840
B841,B841
B842,B842
B843,B843
B844,B844
B845,B845
B846,B846
B847,B847
B848,B848
B849,B849
B850,B850
B851,B851
B852,B852
B853,B853
B854,B854
B855,B855
B856,B856
B857,B857
B858,B858
B859,B859
B860,B860
B861,B861
B862,B862
B863,B863
B864,B864
B865,B865
B866,B866
B867,B867
B868,B868
B869,B869
B870,B870
B871,B871
B872,B872
B873,B873
B874,B874
B875,B875
B876,B876
B877,B877
B878,B878
B879,B879
B880,B880
B881,B881
B882,B882
B883,B883
B884,B884
B885,B885
B886,B886
B887,B887
B888,B888
B889,B889
B890,B890
B891,B891
B892,B892
B893,B893
B894,B894
B895,B895
B896,B896
B897,B897
B898,B898
B899,B899
B900,B900
B901,B901
B902,B902
B903,B903
B904,B904
B905,B905
B906,B906
B907,B907
B908,B908
B909,B909
B910,B910
B911,B911
B912,B912
B913,B913
B914,B914
B915,B915
B916,B916
B917,B917
B918,B918
B919,B919
B920,B920
B921,B921
B922,B922
B923,B923
B924,B924
B925,B925
B926,B926
B927,B927
B928,B928
B929,B929
B930,B930
B931,B931
B932,B932
B933,B933
B934,B934
B935,B935
B936,B936
B937,B937
B938,B938
B939,B939
B940,B940
B941,B941
B942,B942
B943,B943
B944,B944
B945,B945
B946,B946
B947,B947
B948,B948
B949,B949
B950,B950
B951,B951
B952,B952
B953,B953
B954,B954
B955,B955
B956,B956
B957,B957
B958,B958
B959,B959
B960,B960
B961,B961
B962,B962
B963,B963
B964,B964
B965,B965
B966,B966
B967,B967
B968,B968
B969,B969
B970,B970
B971,B971
B972,B972
B973,B973
B974,B974
B975,B975
B976,B976
B977,B977
B978,B978
B979,B979
B980,B980
B981,B981
B982,B982
B983,B983
B984,B984
B985,B985
B986,B986
B987,B987
B988,B988
B989,B989
B990,B990
B991,B991
B992,B992
B993,B993
B994,B994
B995,B995
B996,B996
B997,B997
B998,B998
B999,B999
B1000,B1000
B1001,B1001
B1002,B1002
B1003,B1003
B1004,B1004
B1005,B1005
B1006,B1006
B1007,B1007
B1008,B1008
B1009,B1009
B1010,B1010
B1011,B1011
B1012,B1012
B1013,B1013
B1014,B1014
B1015,B1015
B1016,B1016
B1017,B1017
B1018,B1018
B1019,B1019
B1020,B1020
B1021,B1021
B1022,B1022
B1023,B1023
B1024,B1024
B1025,B1025
B1026,B1026
B1027,B1027
B1028,B1028
B1029,B1029
B1030,B1030
B1031,B1031
B1032,B1032
B1033,B1033
B1034,B1034
B1035,B1035
B1036,B1036
B1037,B1037
B1038,B1038
B1039,B1039
B1040,B1040
B1041,B1041
B1042,B1042
B1043,B1043
B1044,B1044
B1045,B1045
B1046,B1046
B1047,B1047
B1048,B1048
B1049,B1049
B1050,B1050
B1051,B1051
B1052,B1052
B1053,B1053
B1054,B1054
B1055,B1055
B1056,B1056
B1057,B1057
B1058,B1058
B1059,B1059
B1060,B1060
B1061,B1061
B1062,B1062
B1063,B1063
B1064,B1064
B1065,B1065
B1066,B1066
B1067,B1067
B1068,B1068
B1069,B1069
B1070,B1070
B1071,B1071
B1072,B1072
B1073,B1073
B1074,B1074
B1075,B1075
B1076,B1076
B1077,B1077
B1078,B1078
B1079,B1079
B1080,B1080
B1081,B1081
B1082,B1082
B1083,B1083
B1084,B1084
B1085,B1085
B1086,B1086
B1087,B1087
B1088,B1088
B1089,B1089
B1090,B1090
B1091,B1091
B1092,B1092
B1093,B1093
B1094,B1094
B1095,B1095
B1096,B1096
B1097,B1097
B1098,B1098
B1099,B1099
B1100,B1100
B1101,B1101
B1102,B1102
B1103,B1103
B1104,B1104
B1105,B1105
B1106,B1106
B1107,B1107
B1108,B1108
B1109,B1109
B1110,B1110
B1111,B1111
B1112,B1112
B1113,B1113
B1114,B1114
B1115,B1115
B1116,B1116
B1117,B1117
B1118,B1118
B1119,B1119
B1120,B1120
B1121,B1121
B1122,B1122
B1123,B1123
B1124,B1124
B1125,B1125
B1126,B1126
B1127,B1127
B1128,B1128
B1129,B1129
B1130,B1130
B1131,B1131
B1132,B1132
B1133,B1133
B1134,B1134
B1135,B1135
B1136,B1136
B1137,B1137
B1138,B1138
B1139,B1139
B1140,B1140
B1141,B1141
B1142,B1142
B1143,B1143
B1144,B1144
B1145,B1145
B1146,B1146
B1147,B1147
B1148,B1148
B1149,B1149
B1150,B1150
B1151,B1151
B1152,B1152
B1153,B1153
B1154,B1154
B1155,B1155
B1156,B1156
B1157,B1157
B1158,B1158
B1159,B1159
B1160,B1160
B1161,B1161
B1162,B1162
B1163,B1163
B1164,B1164
B1165,B1165
B1166,B1166
B1167,B1167
B1168,B1168
B1169,B1169
B1170,B1170
B1171,B1171
B1172,B1172
B1173,B1173
B1174,B1174
B1175,B1175
B1176,B1176
B1177,B1177
B1178,B1178
B1179,B1179
B1180,B1180
B1181,B1181
B1182,B1182
B1183,B1183
B1184,B1184
B1185,B1185
B1186,B1186
B1187,B1187
B1188,B1188
B1189,B1189
B1190,B1190
B1191,B1191
B1192,B1192
B1193,B1193
B1194,B1194
B1195,B1195
B1196,B1196
B1197,B1197
B1198,B1198
B1199,B1199
B1200,B1200
B1201,B1201
B1202,B1202
B1203,B1203
B1204,B1204
B1205,B1205
B1206,B1206
B1207,B1207
B1208,B1208
B1209,B1209
B1210,B1210
B1211,B1211
B1212,B1212
B1213,B1213
B1214,B1214
B1215,B1215
B1216,B1216
B1217,B1217
B1218,B1218
B1219,B1219
B1220,B1220
B1221,B1221
B1222,B1222
B1223,B1223
B1224,B1224
B1225,B1225
B1226,B1226
B1227,B1227
B1228,B1228
B1229,B1229
B1230,B1230
B1231,B1231
B1232,B1232
B1233,B1233
B1234,B1234
B1235,B1235
B1236,B1236
B1237,B1237
B1238,B1238
B1239,B1239
B1240,B1240
B1241,B1241
B1242,B1242
B1243,B1243
B1244,B1244
B1245,B1245
B1246,B1246
B1247,B1247
B1248,B1248
B1249,B1249
B1250,B1250
B1251,B1251
B1252,B1252
B1253,B1253
B1254,B1254
B1255,B1255
B1256,B1256
B1257,B1257
B1258,B1258
B1259,B1259
B1260,B1260
B1261,B1261
B1262,B1262
B1263,B1263
B1264,B1264
B1265,B1265
B1266,B1266
B1267,B1267
B1268,B1268
B1269,B1269
B1270,B1270
B1271,B1271
B1272,B1272
B1273,B1273
B1274,B1274
B1275,B1275
B1276,B1276
B1277,B1277
B1278,B1278
B1279,B1279
B1280,B1280
B1281,B1281
B1282,B1282
B1283,B1283
B1284,B1284
B1285,B1285
B1286,B1286
B1287,B1287
B1288,B1288
B1289,B1289
B1290,B1290
B1291,B1291
B1292,B1292
B1293,B1293
B1294,B1294
B1295,B1295
B1296,B1296
B1297,B1297
B1298,B1298
B1299,B1299
B1300,B1300
B1301,B1301
B1302,B1302
B1303,B1303
B1304,B1304
B1305,B1305
B1306,B1306
B1307,B1307
B1308,B1308
B1309,B1309
B1310,B1310
B1311,B1311
B1312,B1312
B1313,B1313
B1314,B1314
B1315,B1315
B1316,B1316
B1317,B1317
B1318,B1318
B1319,B1319
B1320,B1320
B1321,B1321
B1322,B1322
B1323,B1323
B1324,B1324
B1325,B1325
B1326,B1326
B1327,B1327
B1328,B1328
B1329,B1329
B1330,B1330
B1331,B1331
B1332,B1332
B1333,B1333
B1334,B1334
B1335,B1335
B1336,B1336
B1337,B1337
B1338,B1338
B1339,B1339
B1340,B1340
B1341,B1341
B1342,B1342
B1343,B1343
B1344,B1344
B1345,B1345
B1346,B1346
B1347,B1347
B1348,B1348
B1349,B1349
B1350,B1350
B1351,B1351
B1352,B1352
B1353,B1353
B1354,B1354
B1355,B1355
B1356,B1356
B1357,B1357
B1358,B1358
B1359,B1359
B1360,B1360
B1361,B1361
B1362,B1362
B1363,B1363
B1364,B1364
B1365,B1365
B1366,B1366
B1367,B1367
B1368,B1368
B1369,B1369
B1370,B1370
B1371,B1371
B1372,B1372
B1373,B1373
B1374,B1374
B1375,B1375
B1376,B1376
B1377,B1377
B1378,B1378
B1379,B1379
B1380,B1380
B1381,B1381
B1382,B1382
B1383,B1383
B1384,B1384
B1385,B1385
B1386,B1386
B1387,B1387
B1388,B1388
B1389,B1389
B1390,B1390
B1391,B1391
B1392,B1392
B1393,B1393
B1394,B1394
B1395,B1395
B1396,B1396
B1397,B1397
B1398,B1398
B1399,B1399
B1400,B1400
B1401,B1401
B1402,B1402
B1403,B1403
B1404,B1404
B1405,B1405
B1406,B1406
B1407,B1407
B1408,B1408
B1409,B1409
B1410,B1410
B1411,B1411
B1412,B1412
B1413,B1413
B1414,B1414
B1415,B1415
B1416,B1416
B1417,B1417
B1418,B1418
B1419,B1419
B1420,B1420
B1421,B1421
B1422,B1422
B1423,B1423
B1424,B1424
B1425,B1425
B1426,B1426
B1427,B1427
B1428,B1428
B1429,B1429
B1430,B1430
B1431,B1431
B1432,B1432
B1433,B1433
B1434,B1434
B1435,B1435
B1436,B1436
B1437,B1437
B1438,B1438
B1439,B1439
B1440,B1440
B1441,B1441
B1442,B1442
B1443,B1443
B1444,B1444
B1445,B1445
B1446,B1446
B1447,B1447
B1448,B1448
B1449,B1449
B1450,B1450
B1451,B1451
B1452,B1452
B1453,B1453
B1454,B1454
B1455,B1455
B1456,B1456
B1457,B1457
B1458,B1458
B1459,B1459
B1460,B1460
B1461,B1461
B1462,B1462
B1463,B1463
B1464,B1464
B1465,B1465
B1466,B1466
B1467,B1467
B1468,B1468
B1469,B1469
B1470,B1470
B1471,B1471
B1472,B1472
B1473,B1473
B1474,B1474
B1475,B1475
B1476,B1476
B1477,B1477
B1478,B1478
B1479,B1479
B1480,B1480
B1481,B1481
B1482,B1482
B1483,B1483
B1484,B1484
B1485,B1485
B1486,B1486
B1487,B1487
B1488,B1488
B1489,B1489
B1490,B1490
B1491,B1491
B1492,B1492
B1493,B1493
B1494,B1494
B1495,B1495
B1496,B1496
B1497,B1497
B1498,B1498
B1499,B1499
B1500,B1500
B1501,B1501
B1502,B1502
B1503,B1503
B1504,B1504
B1505,B1505
B1506,B1506
B1507,B1507
B1508,B1508
B1509,B1509
B1510,B1510
B1511,B1511
B1512,B1512
B1513,B1513
B1514,B1514
B1515,B1515
B1516,B1516
B1517,B1517
B1518,B1518
B1519,B1519
B1520,B1520
B1521,B1521
B1522,B1522
B1523,B1523
B1524,B1524
B1525,B1525
B1526,B1526
B1527,B1527
B1528,B1528
B1529,B1529
B1530,B1530
B1531,B1531
B1532,B1532
B1533,B1533
B1534,B1534
B1535,B1535
B1536,B1536
B1537,B1537
B1538,B1538
B1539,B1539
B1540,B1540
B1541,B1541
B1542,B1542
B1543,B1543
B1544,B1544
B1545,B1545
B1546,B1546
B1547,B1547
B1548,B1548
B1549,B1549
B1550,B1550
B1551,B1551
B1552,B1552
B1553,B1553
B1554,B1554
B1555,B1555
B1556,B1556
B1557,B1557
B1558,B1558
B1559,B1559
B1560,B1560
B1561,B1561
B1562,B1562
B1563,B1563
B1564,B1564
B1565,B1565
B1566,B1566
B1567,B1567
B1568,B1568
B1569,B1569
B1570,B1570
B1571,B1571
B1572,B1572
B1573,B1573
B1574,B1574
B1575,B1575
B1576,B1576
B1577,B1577
B1578,B1578
B1579,B1579
B1580,B1580
B1581,B1581
B1582,B1582
B1583,B1583
B1584,B1584
B1585,B1585
B1586,B1586
B1587,B1587
B1588,B1588
B1589,B1589
B1590,B1590
B1591,B1591
B1592,B1592
B1593,B1593
B1594,B1594
B1595,B1595
B1596,B1596
B1597,B1597
B1598,B1598
B1599,B1599
B1600,B1600
B1601,B1601
B1602,B1602
B1603,B1603
B1604,B1604
B1605,B1605
B1606,B1606
B1607,B1607
B1608,B1608
B1609,B1609
B1610,B1610
B1611,B1611
B1612,B1612
B1613,B1613
B1614,B1614
B1615,B1615
B1616,B1616
B1617,B1617
B1618,B1618
B1619,B1619
B1620,B1620
B1621,B1621
B1622,B1622
B1623,B1623
B1624,B1624
B1625,B1625
B1626,B1626
B1627,B1627
B1628,B1628
B1629,B1629
B1630,B1630
B1631,B1631
B1632,B1632
B1633,B1633
B1634,B1634
B1635,B1635
B1636,B1636
B1637,B1637
B1638,B1638
B1639,B1639
B1640,B1640
B1641,B1641
B1642,B1642
B1643,B1643
B1644,B1644
B1645,B1645
B1646,B1646
B1647,B1647
B1648,B1648
B1649,B1649
B1650,B1650
B1651,B1651
B1652,B1652
B1653,B1653
B1654,B1654
B1655,B1655
B1656,B1656
B1657,B1657
B1658,B1658
B1659,B1659
B1660,B1660
B1661,B1661
B1662,B1662
B1663,B1663
B1664,B1664
B1665,B1665
B1666,B1666
B1667,B1667
B1668,B1668
B1669,B1669
B1670,B1670
B1671,B1671
B1672,B1672
B1673,B1673
B1674,B1674
B1675,B1675
B1676,B1676
B1677,B1677
B1678,B1678
B1679,B1679
B1680,B1680
B1681,B1681
B1682,B1682
B1683,B1683
B1684,B1684
B1685,B1685
B1686,B1686
B1687,B1687
B1688,B1688
B1689,B1689
B1690,B1690
B1691,B1691
B1692,B1692
B1693,B1693
B1694,B1694
B1695,B1695
B1696,B1696
B1697,B1697
B1698,B1698
B1699,B1699
B1700,B1700
B1701,B1701
B1702,B1702
B1703,B1703
B1704,B1704
B1705,B1705
B1706,B1706
B1707,B1707
B1708,B1708
B1709,B1709
B1710,B1710
B1711,B1711
B1712,B1712
B1713,B1713
B1714,B1714
B1715,B1715
B1716,B1716
B1717,B1717
B1718,B1718
B1719,B1719
B1720,B1720
B1721,B1721
B1722,B1722
B1723,B1723
B1724,B1724
B1725,B1725
B1726,B1726
B1727,B1727
B1728,B1728
B1729,B1729
B1730,B1730
B1731,B1731
B1732,B1732
B1733,B1733
B1734,B1734
B1735,B1735
B1736,B1736
B1737,B1737
B1738,B1738
B1739,B1739
B1740,B1740
B1741,B1741
B1742,B1742
B1743,B1743
B1744,B1744
B1745,B1745
B1746,B1746
B1747,B1747
B1748,B1748
B1749,B1749
B1750,B1750
B1751,B1751
B1752,B1752
B1753,B1753
B1754,B1754
B1755,B1755
B1756,B1756
B1757,B1757
B1758,B1758
B1759,B1759
B1760,B1760
B1761,B1761
B1762,B1762
B1763,B1763
B1764,B1764
B1765,B1765
B1766,B1766
B1767,B1767
B1768,B1768
B1769,B1769
B1770,B1770
B1771,B1771
B1772,B1772
B1773,B1773
B1774,B1774
B1775,B1775
B1776,B1776
B1777,B1777
B1778,B1778
B1779,B1779
B1780,B1780
B1781,B1781
B1782,B1782
B1783,B1783
B1784,B1784
B1785,B1785
B1786,B1786
B1787,B1787
B1788,B1788
B1789,B1789
B1790,B1790
B1791,B1791
B1792,B1792
B1793,B1793
B1794,B1794
B1795,B1795
B1796,B1796
B1797,B1797
B1798,B1798
B1799,B1799
B1800,B1800
B1801,B1801
B1802,B1802
B1803,B1803
B1804,B1804
B1805,B1805
B1806,B1806
B1807,B1807
B1808,B1808
B1809,B1809
B1810,B1810
B1811,B1811
B1812,B1812
B1813,B1813
B1814,B1814
B1815,B1815
B1816,B1816
B1817,B1817
B1818,B1818
B1819,B1819
B1820,B1820
B1821,B1821
B1822,B1822
B1823,B1823
B1824,B1824
B1825,B1825
B1826,B1826
B1827,B1827
B1828,B1828
B1829,B1829
B1830,B1830
B1831,B1831
B1832,B1832
B1833,B1833
B1834,B1834
B1835,B1835
B1836,B1836
B1837,B1837
B1838,B1838
B1839,B1839
B1840,B1840
B1841,B1841
B1842,B1842
B1843,B1843
B1844,B1844
B1845,B1845
B1846,B1846
B1847,B1847
B1848,B1848
B1849,B1849
B1850,B1850
B1851,B1851
B1852,B1852
B1853,B1853
B1854,B1854
B1855,B1855
B1856,B1856
B1857,B1857
B1858,B1858
B1859,B1859
B1860,B1860
B1861,B1861
B1862,B1862
B1863,B1863
B1864,B1864
B1865,B1865
B1866,B1866
B1867,B1867
B1868,B1868
B1869,B1869
B1870,B1870
B1871,B1871
B1872,B1872
B1873,B1873
B1874,B1874
B1875,B1875
B1876,B1876
B1877,B1877
B1878,B1878
B1879,B1879
B1880,B1880
B1881,B1881
B1882,B1882
B1883,B1883
B1884,B1884
B1885,B1885
B1886,B1886
B1887,B1887
B1888,B1888
B1889,B1889
B1890,B1890
B1891,B1891
B1892,B1892
B1893,B1893
B1894,B1894
B1895,B1895
B1896,B1896
B1897,B1897
B1898,B1898
B1899,B1899
B1900,B1900
B1901,B1901
B1902,B1902
B1903,B1903
B1904,B1904
B1905,B1905
B1906,B1906
B1907,B1907
B1908,B1908
B1909,B1909
B1910,B1910
B1911,B1911
B1912,B1912
B1913,B1913
B1914,B1914
B1915,B1915
B1916,B1916
B1917,B1917
B1918,B1918
B1919,B1919
B1920,B1920
B1921,B1921
B1922,B1922
B1923,B1923
B1924,B1924
B1925,B1925
B1926,B1926
B1927,B1927
B1928,B1928
B1929,B1929
B1930,B1930
B1931,B1931
B1932,B1932
B1933,B1933
B1934,B1934
B1935,B1935
B1936,B1936
B1937,B1937
B1938,B1938
B1939,B1939
B1940,B1940
B1941,B1941
B1942,B1942
B1943,B1943
B1944,B1944
B1945,B1945
B1946,B1946
B1947,B1947
B1948,B1948
B1949,B1949
B1950,B1950
B1951,B1951
B1952,B1952
B1953,B1953
B1954,B1954
B1955,B1955
B1956,B1956
B1957,B1957
B1958,B1958
B1959,B1959
B1960,B1960
B1961,B1961
B1962,B1962
B1963,B1963
B1964,B1964
B1965,B1965
B1966,B1966
B1967,B1967
B1968,B1968
B1969,B1969
B1970,B1970
B1971,B1971
B1972,B1972
B1973,B1973
B1974,B1974
B1975,B1975
B1976,B1976
B1977,B1977
B1978,B1978
B1979,B1979
B1980,B1980
B1981,B1981
B1982,B1982
B1983,B1983
B1984,B1984
B1985,B1985
B1986,B1986
B1987,B1987
B1988,B1988
B1989,B1989
B1990,B1990
B1991,B1991
B1992,B1992
B1993,B1993
B1994,B1994
B1995,B1995
B1996,B1996
B1997,B1997
B1998,B1998
B1999,B1999
B2000,B2000
B2001,B2001
B2002,B2002
B2003,B2003
B2004,B2004
B2005,B2005
B2006,B2006
B2007,B2007
B2008,B2008
B2009,B2009
B2010,B2010
B2011,B2011
B2012,B2012
B2013,B2013
B2014,B2014
B2015,B2015
B2016,B2016
B2017,B2017
B2018,B2018
B2019,B2019
B2020,B2020
B2021,B2021
B2022,B2022
B2023,B2023
B2024,B2024
B2025,B2025
B2026,B2026
B2027,B2027
B2028,B2028
B2029,B2029
B2030,B2030
B2031,B2031
B2032,B2032
B2033,B2033
B2034,B2034
B2035,B2035
B2036,B2036
B2037,B2037
B2038,B2038
B2039,B2039
B2040,B2040
B2041,B2041
B2042,B2042
B2043,B2043
B2044,B2044
B2045,B2045
B2046,B2046
B2047,B2047
B2048,B2048
B2049,B2049
B2050,B2050
B2051,B2051
B2052,B2052
B2053,B2053
B2054,B2054
B2055,B2055
B2056,B2056
B2057,B2057
B2058,B2058
B2059,B2059
B2060,B2060
B2061,B2061
B2062,B2062
B2063,B2063
B2064,B2064
B2065,B2065
B2066,B2066
B2067,B2067
B2068,B2068
B2069,B2069
B2070,B2070
B2071,B2071
B2072,B2072
B2073,B2073
B2074,B2074
B2075,B2075
B2076,B2076
B2077,B2077
B2078,B2078
B2079,B2079
B2080,B2080
B2081,B2081
B2082,B2082
B2083,B2083
B2084,B2084
B2085,B2085
B2086,B2086
B2087,B2087
B2088,B2088
B2089,B2089
B2090,B2090
B2091,B2091
B2092,B2092
B2093,B2093
B2094,B2094
B2095,B2095
B2096,B2096
B2097,B2097
B2098,B2098
B2099,B2099
B2100,B2100
B2101,B2101
B2102,B2102
B2103,B2103
B2104,B2104
B2105,B2105
B2106,B2106
B2107,B2107
B2108,B2108
B2109,B2109
B2110,B2110
B2111,B2111
B2112,B2112
B2113,B2113
B2114,B2114
B2115,B2115
B2116,B2116
B2117,B2117
B2118,B2118
B2119,B2119
B2120,B2120
B2121,B2121
B2122,B2122
B2123,B2123
B2124,B2124
B2125,B2125
B2126,B2126
B2127,B2127
B2128,B2128
B2129,B2129
B2130,B2130
B2131,B2131
B2132,B2132
B2133,B2133
B2134,B2134
B2135,B2135
B2136,B2136
B2137,B2137
B2138,B2138
B2139,B2139
B2140,B2140
B2141,B2141
B2142,B2142
B2143,B2143
B2144,B2144
B2145,B2145
B2146,B2146
B2147,B2147
B2148,B2148
B2149,B2149
B2150,B2150
B2151,B2151
B2152,B2152
B2153,B2153
B2154,B2154
B2155,B2155
B2156,B2156
B2157,B2157
B2158,B2158
B2159,B2159
B2160,B2160
B2161,B2161
B2162,B2162
B2163,B2163
B2164,B2164
B2165,B2165
B2166,B2166
B2167,B2167
B2168,B2168
B2169,B2169
B2170,B2170
B2171,B2171
B2172,B2172
B2173,B2173
B2174,B2174
B2175,B2175
B2176,B2176
B2177,B2177
B2178,B2178
B2179,B2179
B2180,B2180
B2181,B2181
B2182,B2182
B2183,B2183
B2184,B2184
B2185,B2185
B2186,B2186
B2187,B2187
B2188,B2188
B2189,B2189
B2190,B2190
B2191,B2191
B2192,B2192
B2193,B2193
B2194,B2194
B2195,B2195
B2196,B2196
B2197,B2197
B2198,B2198
B2199,B2199
B2200,B2200
B2201,B2201
B2202,B2202
B2203,B2203
B2204,B2204
B2205,B2205
B2206,B2206
B2207,B2207
B2208,B2208
B2209,B2209
B2210,B2210
B2211,B2211
B2212,B2212
B2213,B2213
B2214,B2214
B2215,B2215
B2216,B2216
B2217,B2217
B2218,B2218
B2219,B2219
B2220,B2220
B2221,B2221
B2222,B2222
B2223,B2223
B2224,B2224
B2225,B2225
B2226,B2226
B2227,B2227
B2228,B2228
B2229,B2229
B2230,B2230
B2231,B2231
B2232,B2232
B2233,B2233
B2234,B2234
B2235,B2235
B2236,B2236
B2237,B2237
B2238,B2238
B2239,B2239
B2240,B2240
B2241,B2241
B2242,B2242
B2243,B2243
B2244,B2244
B2245,B2245
B2246,B2246
B2247,B2247
B2248,B2248
B2249,B2249
B2250,B2250
B2251,B2251
B2252,B2252
B2253,B2253
B2254,B2254
B2255,B2255
B2256,B2256
B2257,B2257
B2258,B2258
B2259,B2259
B2260,B2260
B2261,B2261
B2262,B2262
B2263,B2263
B2264,B2264
B2265,B2265
B2266,B2266
B2267,B2267
B2268,B2268
B2269,B2269
B2270,B2270
B2271,B2271
B2272,B2272
B2273,B2273
B2274,B2274
B2275,B2275
B2276,B2276
B2277,B2277
B2278,B2278
B2279,B2279
B2280,B2280
B2281,B2281
B2282,B2282
B2283,B2283
B2284,B2284
B2285,B2285
B2286,B2286
B2287,B2287
B2288,B2288
B2289,B2289
B2290,B2290
B2291,B2291
B2292,B2292
B2293,B2293
B2294,B2294
B2295,B2295
B2296,B2296
B2297,B2297
B2298,B2298
B2299,B2299
B2300,B2300
B2301,B2301
B2302,B2302
B2303,B2303
B2304,B2304
B2305,B2305
B2306,B2306
B2307,B2307
B2308,B2308
B2309,B2309
B2310,B2310
B2311,B2311
B2312,B2312
B2313,B2313
B2314,B2314
B2315,B2315
B2316,B2316
B2317,B2317
B2318,B2318
B2319,B2319
B2320,B2320
B2321,B2321
B2322,B2322
B2323,B2323
B2324,B2324
B2325,B2325
B2326,B2326
B2327,B2327
B2328,B2328
B2329,B2329
B2330,B2330
B2331,B2331
B2332,B2332
B2333,B2333
B2334,B2334
B2335,B2335
B2336,B2336
B2337,B2337
B2338,B2338
B2339,B2339
B2340,B2340
B2341,B2341
B2342,B2342
B2343,B2343
B2344,B2344
B2345,B2345
B2346,B2346
B2347,B2347
B2348,B2348
B2349,B2349
B2350,B2350
B2351,B2351
B2352,B2352
B2353,B2353
B2354,B2354
B2355,B2355
B2356,B2356
B2357,B2357
B2358,B2358
B2359,B2359
B2360,B2360
B2361,B2361
B2362,B2362
B2363,B2363
B2364,B2364
B2365,B2365
B2366,B2366
B2367,B2367
B2368,B2368
B2369,B2369
B2370,B2370
B2371,B2371
B2372,B2372
B2373,B2373
B2374,B2374
B2375,B2375
B2376,B2376
B2377,B2377
B2378,B2378
B2379,B2379
B2380,B2380
B2381,B2381
B2382,B2382
B2383,B2383
B2384,B2384
B2385,B2385
B2386,B2386
B2387,B2387
B2388,B2388
B2389,B2389
B2390,B2390
B2391,B2391
B2392,B2392
B2393,B2393
B2394,B2394
B2395,B2395
B2396,B2396
B2397,B2397
B2398,B2398
B2399,B2399
B2400,B2400
B2401,B2401
B2402,B2402
B2403,B2403
B2404,B2404
B2405,B2405
B2406,B2406
B2407,B2407
B2408,B2408
B2409,B2409
B2410,B2410
B2411,B2411
B2412,B2412
B2413,B2413
B2414,B2414
B2415,B2415
B2416,B2416
B2417,B2417
B2418,B2418
B2419,B2419
B2420,B2420
B2421,B2421
B2422,B2422
B2423,B2423
B2424,B2424
B2425,B2425
B2426,B2426
B2427,B2427
B2428,B2428
B2429,B2429
B2430,B2430
B2431,B2431
B2432,B2432
B2433,B2433
B2434,B2434
B2435,B2435
B2436,B2436
B2437,B2437
B2438,B2438
B2439,B2439
B2440,B2440
B2441,B2441
B2442,B2442
B2443,B2443
B2444,B2444
B2445,B2445
B2446,B2446
B2447,B2447
B2448,B2448
B2449,B2449
B2450,B2450
B2451,B2451
B2452,B2452
B2453,B2453
B2454,B2454
B2455,B2455
B2456,B2456
B2457,B2457
B2458,B2458
B2459,B2459
B2460,B2460
B2461,B2461
B2462,B2462
B2463,B2463
B2464,B2464
B2465,B2465
B2466,B2466
B2467,B2467
B2468,B2468
B2469,B2469
B2470,B2470
B2471,B2471
B2472,B2472
B2473,B2473
B2474,B2474
B2475,B2475
B2476,B2476
B2477,B2477
B2478,B2478
B2479,B2479
B2480,B2480
B2481,B2481
B2482,B2482
B2483,B2483
B2484,B2484
B2485,B2485
B2486,B2486
B2487,B2487
B2488,B2488
B2489,B2489
B2490,B2490
B2491,B2491
B2492,B2492
B2493,B2493
B2494,B2494
B2495,B2495
B2496,B2496
B2497,B2497
B2498,B2498
B2499,B2499
B2500,B2500
B2501,B2501
B2502,B2502
B2503,B2503
B2504,B2504
B2505,B2505
B2506,B2506
B2507,B2507
B2508,B2508
B2509,B2509
B2510,B2510
B2511,B2511
B2512,B2512
B2513,B2513
B2514,B2514
B2515,B2515
B2516,B2516
B2517,B2517
B2518,B2518
B2519,B2519
B2520,B2520
B2521,B2521
B2522,B2522
B2523,B2523
B2524,B2524
B2525,B2525
B2526,B2526
B2527,B2527
B2528,B2528
B2529,B2529
B2530,B2530
B2531,B2531
B2532,B2532
B2533,B2533
B2534,B2534
B2535,B2535
B2536,B2536
B2537,B2537
B2538,B2538
B2539,B2539
B2540,B2540
B2541,B2541
B2542,B2542
B2543,B2543
B2544,B2544
B2545,B2545
B2546,B2546
B2547,B2547
B2548,B2548
B2549,B2549
B2550,B2550
B2551,B2551
B2552,B2552
B2553,B2553
B2554,B2554
B2555,B2555
B2556,B2556
B2557,B2557
B2558,B2558
B2559,B2559
B2560,B2560
B2561,B2561
B2562,B2562
B2563,B2563
B2564,B2564
B2565,B2565
B2566,B2566
B2567,B2567
B2568,B2568
B2569,B2569
B2570,B2570
B2571,B2571
B2572,B2572
B2573,B2573
B2574,B2574
B2575,B2575
B2576,B2576
B2577,B2577
B2578,B2578
B2579,B2579
B2580,B2580
B2581,B2581
B2582,B2582
B2583,B2583
B2584,B2584
B2585,B2585
B2586,B2586
B2587,B2587
B2588,B2588
B2589,B2589
B2590,B2590
B2591,B2591
B2592,B2592
B2593,B2593
B2594,B2594
B2595,B2595
B2596,B2596
B2597,B2597
B2598,B2598
B2599,B2599
B2600,B2600
B2601,B2601
B2602,B2602
B2603,B2603
B2604,B2604
B2605,B2605
B2606,B2606
B2607,B2607
B2608,B2608
B2609,B2609
B2610,B2610
B2611,B2611
B2612,B2612
B2613,B2613
B2614,B2614
B2615,B2615
B2616,B2616
B2617,B2617
B2618,B2618
B2619,B2619
B2620,B2620
B2621,B2621
B2622,B2622
B2623,B2623
B2624,B2624
B2625,B2625
B2626,B2626
B2627,B2627
B2628,B2628
B2629,B2629
B2630,B2630
B2631,B2631
B2632,B2632
B2633,B2633
B2634,B2634
B2635,B2635
B2636,B2636
B2637,B2637
B2638,B2638
B2639,B2639
B2640,B2640
B2641,B2641
B2642,B2642
B2643,B2643
B2644,B2644
B2645,B2645
B2646,B2646
B2647,B2647
B2648,B2648
B2649,B2649
B2650,B2650
B2651,B2651
B2652,B2652
B2653,B2653
B2654,B2654
B2655,B2655
B2656,B2656
B2657,B2657
B2658,B2658
B2659,B2659
B2660,B2660
B2661,B2661
B2662,B2662
B2663,B2663
B2664,B2664
B2665,B2665
B2666,B2666
B2667,B2667
B2668,B2668
B2669,B2669
B2670,B2670
B2671,B2671
B2672,B2672
B2673,B2673
B2674,B2674
B2675,B2675
B2676,B2676
B2677,B2677
B2678,B2678
B2679,B2679
B2680,B2680
B2681,B2681
B2682,B2682
B2683,B2683
B2684,B2684
B2685,B2685
B2686,B2686
B2687,B2687
B2688,B2688
B2689,B2689
B2690,B2690
B2691,B2691
B2692,B2692
B2693,B2693
B2694,B2694
B2695,B2695
B2696,B2696
B2697,B2697
B2698,B2698
B2699,B2699
B2700,B2700
B2701,B2701
B2702,B2702
B2703,B2703
B2704,B2704
B2705,B2705
B2706,B2706
B2707,B2707
B2708,B2708
B2709,B2709
B2710,B2710
B2711,B2711
B2712,B2712
B2713,B2713
B2714,B2714
B2715,B2715
B2716,B2716
B2717,B2717
B2718,B2718
B2719,B2719
B2720,B2720
B2721,B2721
B2722,B2722
B2723,B2723
B2724,B2724
B2725,B2725
B2726,B2726
B2727,B2727
B2728,B2728
B2729,B2729
B2730,B2730
B2731,B2731
B2732,B2732
B2733,B2733
B2734,B2734
B2735,B2735
B2736,B2736
B2737,B2737
B2738,B2738
B2739,B2739
B2740,B2740
B2741,B2741
B2742,B2742
B2743,B2743
B2744,B2744
B2745,B2745
B2746,B2746
B2747,B2747
B2748,B2748
B2749,B2749
B2750,B2750
B2751,B2751
B2752,B2752
B2753,B2753
B2754,B2754
B2755,B2755
B2756,B2756
B2757,B2757
B2758,B2758
B2759,B2759
B2760,B2760
B2761,B2761
B2762,B2762
B2763,B2763
B2764,B2764
B2765,B2765
B2766,B2766
B2767,B2767
B2768,B2768
B2769,B2769
B2770,B2770
B2771,B2771
B2772,B2772
B2773,B2773
B2774,B2774
B2775,B2775
B2776,B2776
B2777,B2777
B2778,B2778
B2779,B2779
B2780,B2780
B2781,B2781
B2782,B2782
B2783,B2783
B2784,B2784
B2785,B2785
B2786,B2786
B2787,B2787
B2788,B2788
B2789,B2789
B2790,B2790
B2791,B2791
B2792,B2792
B2793,B2793
B2794,B2794
B2795,B2795
B2796,B2796
B2797,B2797
B2798,B2798
B2799,B2799
B2800,B2800
B2801,B2801
B2802,B2802
B2803,B2803
B2804,B2804
B2805,B2805
B2806,B2806
B2807,B2807
B2808,B2808
B2809,B2809
B2810,B2810
B2811,B2811
B2812,B2812
B2813,B2813
B2814,B2814
B2815,B2815
B2816,B2816
B2817,B2817
B2818,B2818
B2819,B2819
B2820,B2820
B2821,B2821
B2822,B2822
B2823,B2823
B2824,B2824
B2825,B2825
B2826,B2826
B2827,B2827
B2828,B2828
B2829,B2829
B2830,B2830
B2831,B2831
B2832,B2832
B2833,B2833
B2834,B2834
B2835,B2835
B2836,B2836
B2837,B2837
B2838,B2838
B2839,B2839
B2840,B2840
B2841,B2841
B2842,B2842
B2843,B2843
B2844,B2844
B2845,B2845
B2846,B2846
B2847,B2847
B2848,B2848
B2849,B2849
B2850,B2850
B2851,B2851
B2852,B2852
B2853,B2853
B2854,B2854
B2855,B2855
B2856,B2856
B2857,B2857
B2858,B2858
B2859,B2859
B2860,B2860
B2861,B2861
B2862,B2862
B2863,B2863
B2864,B2864
B2865,B2865
B2866,B2866
B2867,B2867
B2868,B2868
B2869,B2869
B2870,B2870
B2871,B2871
B2872,B2872
B2873,B2873
B2874,B2874
B2875,B2875
B2876,B2876
B2877,B2877
B2878,B2878
B2879,B2879
B2880,B2880
B2881,B2881
B2882,B2882
B2883,B2883
B2884,B2884
B2885,B2885
B2886,B2886
B2887,B2887
B2888,B2888
B2889,B2889
B2890,B2890
B2891,B2891
B2892,B2892
B2893,B2893
B2894,B2894
B2895,B2895
B2896,B2896
B2897,B2897
B2898,B2898
B2899,B2899
B2900,B2900
B2901,B2901
B2902,B2902
B2903,B2903
B2904,B2904
B2905,B2905
B2906,B2906
B2907,B2907
B2908,B2908
B2909,B2909
B2910,B2910
B2911,B2911
B2912,B2912
B2913,B2913
B2914,B2914
B2915,B2915
B2916,B2916
B2917,B2917
B2918,B2918
B2919,B2919
B2920,B2920
B2921,B2921
B2922,B2922
B2923,B2923
B2924,B2924
B2925,B2925
B2926,B2926
B2927,B2927
B2928,B2928
B2929,B2929
B2930,B2930
B2931,B2931
B2932,B2932
B2933,B2933
B2934,B2934
B2935,B2935
B2936,B2936
B2937,B2937
B2938,B2938
B2939,B2939
B2940,B2940
B2941,B2941
B2942,B2942
B2943,B2943
B2944,B2944
B2945,B2945
B2946,B2946
B2947,B2947
B2948,B2948
B2949,B2949
B2950,B2950
B2951,B2951
B2952,B2952
B2953,B2953
B2954,B2954
B2955,B2955
B2956,B2956
B2957,B2957
B2958,B2958
B2959,B2959
B2960,B2960
B2961,B2961
B2962,B2962
B2963,B2963
B2964,B2964
B2965,B2965
B2966,B2966
B2967,B2967
B2968,B2968
B2969,B2969
B2970,B2970
B2971,B2971
B2972,B2972
B2973,B2973
B2974,B2974
B2975,B2975
B2976,B2976
B2977,B2977
B2978,B2978
B2979,B2979
B2980,B2980
B2981,B2981
B2982,B2982
B2983,B2983
B2984,B2984
B2985,B2985
B2986,B2986
B2987,B2987
B2988,B2988
B2989,B2989
B2990,B2990
B2991,B2991
B2992,B2992
B2993,B2993
B2994,B2994
B2995,B2995
B2996,B2996
B2997,B2997
B2998,B2998
B2999,B2999
B3000,B3000
